{,116312,59606,0,}
{,44530,59606,0,}
{,114692,59606,0,}
{,103378,59606,0,}
{,101668,59606,0,}
{,108398,59606,0,}
{,111758,59606,0,}
{,54594,59606,0,}
{,114008,59606,0,}
{,104444,59606,0,}
{,109698,59606,0,}
{,82074,59606,0,}
{,115414,59606,0,}
{,113230,59606,0,}
{,51640,59606,0,}
{,55872,59606,0,}
{,93878,59606,0,}
{,114916,59606,0,}
{,67076,59606,0,}
{,90162,59606,0,}
{,116744,59606,0,}
{,77068,59606,0,}
{,69420,59606,0,}
{,94610,59606,0,}
{,62012,59606,0,}
{,70416,59606,0,}
{,62594,59606,0,}
{,117662,59606,0,}
{,59892,59606,0,}
{,82952,59606,0,}
{,47646,59606,0,}
{,49576,56442,0,}
{,95310,56442,0,}
{,87544,56442,0,}
{,110618,56442,0,}
{,60262,56442,0,}
{,79648,56442,0,}
{,96816,56442,0,}
{,99310,56442,0,}
{,97800,56442,0,}
{,48818,56442,0,}
{,61798,56442,0,}
{,49576,93168,0,}
{,87544,93168,0,}
{,60262,93168,0,}
{,79648,93168,0,}
{,88502,75700,0,}
{,103378,75700,0,}
{,113780,75700,0,}
{,112260,75700,0,}
{,51512,75700,0,}
{,82074,75700,0,}
{,115414,75700,0,}
{,113230,75700,0,}
{,51640,75700,0,}
{,55872,75700,0,}
{,93878,75700,0,}
{,114916,75700,0,}
{,65796,75700,0,}
{,88692,75700,0,}
{,86950,75700,0,}
{,67800,75700,0,}
{,61798,75700,0,}
{,96090,75700,0,}
{,87970,75700,0,}
{,84162,75700,0,}
{,89870,75700,0,}
{,49670,75700,0,}
{,82376,75700,0,}
{,89220,75700,0,}
{,47646,75700,0,}
{,45800,75700,0,}
{,44530,114432,0,}
{,108128,114432,0,}
{,84834,114432,0,}
{,49794,114432,0,}
{,101668,114432,0,}
{,108398,114432,0,}
{,111758,114432,0,}
{,54594,114432,0,}
{,106674,114432,0,}
{,69420,114432,0,}
{,99420,114432,0,}
{,96222,114432,0,}
{,116286,114432,0,}
{,109888,114432,0,}
{,70416,114432,0,}
{,117662,114432,0,}
{,59892,114432,0,}
{,82952,114432,0,}
{,69720,114432,0,}
{,49576,79174,0,}
{,95310,79174,0,}
{,88502,79174,0,}
{,44530,79174,0,}
{,114692,79174,0,}
{,101974,79174,0,}
{,115190,79174,0,}
{,108128,79174,0,}
{,87544,79174,0,}
{,110618,79174,0,}
{,44786,79174,0,}
{,113780,79174,0,}
{,84834,79174,0,}
{,105710,79174,0,}
{,101668,79174,0,}
{,108398,79174,0,}
{,111758,79174,0,}
{,54594,79174,0,}
{,114008,79174,0,}
{,104444,79174,0,}
{,109698,79174,0,}
{,106674,79174,0,}
{,112308,79174,0,}
{,55256,79174,0,}
{,85972,79174,0,}
{,97682,79174,0,}
{,107862,79174,0,}
{,112494,79174,0,}
{,80334,79174,0,}
{,67076,79174,0,}
{,90162,79174,0,}
{,116744,79174,0,}
{,77068,79174,0,}
{,69420,79174,0,}
{,94610,79174,0,}
{,62012,79174,0,}
{,99420,79174,0,}
{,60262,79174,0,}
{,79648,79174,0,}
{,96816,79174,0,}
{,99310,79174,0,}
{,97800,79174,0,}
{,48818,79174,0,}
{,45448,87738,0,}
{,102708,79174,0,}
{,61798,79174,0,}
{,96090,79174,0,}
{,87970,79174,0,}
{,84162,79174,0,}
{,96222,79174,0,}
{,116286,79174,0,}
{,109888,79174,0,}
{,70416,79174,0,}
{,62594,79174,0,}
{,117662,79174,0,}
{,59892,79174,0,}
{,82952,79174,0,}
{,82376,79174,0,}
{,69720,79174,0,}
{,46634,79174,0,}
{,45800,79174,0,}
{,115852,83690,0,}
{,96536,83690,0,}
{,74626,83690,0,}
{,69962,83690,0,}
{,65342,83690,0,}
{,107340,83690,0,}
{,83732,83690,0,}
{,113230,83690,0,}
{,49670,83690,0,}
{,78384,83690,0,}
{,84834,83980,0,}
{,75700,83980,0,}
{,51122,83980,0,}
{,114018,83980,0,}
{,110040,83980,0,}
{,116518,83980,0,}
{,69420,83980,0,}
{,96222,83980,0,}
{,116286,83980,0,}
{,109888,83980,0,}
{,89870,83980,0,}
{,59892,83980,0,}
{,82952,83980,0,}
{,69720,83980,0,}
{,49670,104660,0,}
{,49576,79616,0,}
{,87544,79616,0,}
{,60262,79616,0,}
{,97552,103546,0,}
{,86440,103546,0,}
{,116312,103546,0,}
{,106130,103546,0,}
{,42956,103546,0,}
{,42888,103546,0,}
{,114692,103546,0,}
{,101974,103546,0,}
{,115190,103546,0,}
{,103378,103546,0,}
{,105038,103546,0,}
{,106316,103546,0,}
{,80286,103546,0,}
{,55170,103546,0,}
{,84042,103546,0,}
{,107466,103546,0,}
{,111758,103546,0,}
{,54594,103546,0,}
{,114008,103546,0,}
{,104444,103546,0,}
{,109698,103546,0,}
{,82074,103546,0,}
{,115414,103546,0,}
{,112308,103546,0,}
{,55256,103546,0,}
{,85972,103546,0,}
{,44742,103546,0,}
{,113230,103546,0,}
{,51640,103546,0,}
{,55872,103546,0,}
{,93878,103546,0,}
{,114916,103546,0,}
{,65796,103546,0,}
{,88692,103546,0,}
{,86950,103546,0,}
{,67800,103546,0,}
{,67076,103546,0,}
{,90162,103546,0,}
{,116744,103546,0,}
{,77068,103546,0,}
{,70416,103546,0,}
{,62594,103546,0,}
{,49670,103546,0,}
{,59892,103546,0,}
{,82952,103546,0,}
{,69720,103546,0,}
{,46634,103546,0,}
{,47646,103546,0,}
{,49576,85052,0,}
{,95310,85052,0,}
{,44530,85052,0,}
{,114692,85052,0,}
{,101974,85052,0,}
{,115190,85052,0,}
{,103378,85052,0,}
{,87544,85052,0,}
{,110618,85052,0,}
{,44786,85052,0,}
{,105710,85052,0,}
{,101668,85052,0,}
{,108398,85052,0,}
{,111758,85052,0,}
{,54594,85052,0,}
{,114008,85052,0,}
{,104444,85052,0,}
{,109698,85052,0,}
{,82074,85052,0,}
{,115414,85052,0,}
{,112308,85052,0,}
{,55256,85052,0,}
{,85972,85052,0,}
{,113230,85052,0,}
{,51640,85052,0,}
{,55872,85052,0,}
{,93878,85052,0,}
{,114916,85052,0,}
{,65796,85052,0,}
{,88692,85052,0,}
{,86950,85052,0,}
{,67800,85052,0,}
{,67076,85052,0,}
{,90162,85052,0,}
{,116744,85052,0,}
{,77068,85052,0,}
{,69420,85052,0,}
{,94610,85052,0,}
{,62012,85052,0,}
{,60262,85052,0,}
{,79648,85052,0,}
{,96816,85052,0,}
{,99310,85052,0,}
{,97800,85052,0,}
{,48818,85052,0,}
{,45448,85052,0,}
{,70416,85052,0,}
{,62594,85052,0,}
{,49670,85052,0,}
{,117662,85052,0,}
{,59892,85052,0,}
{,82952,85052,0,}
{,69720,85052,0,}
{,46634,85052,0,}
{,47646,85052,0,}
{,49576,61184,0,}
{,95310,61184,0,}
{,88502,61184,0,}
{,44530,61184,0,}
{,101974,61184,0,}
{,115190,61184,0,}
{,103378,61184,0,}
{,108128,61184,0,}
{,87544,61184,0,}
{,110618,61184,0,}
{,44786,61184,0,}
{,113780,61184,0,}
{,84834,61184,0,}
{,101668,61184,0,}
{,108398,61184,0,}
{,106674,61184,0,}
{,112308,61184,0,}
{,55256,61184,0,}
{,85972,61184,0,}
{,113230,61184,0,}
{,51640,61184,0,}
{,55872,61184,0,}
{,93878,61184,0,}
{,114916,61184,0,}
{,69420,61184,0,}
{,94610,61184,0,}
{,62012,61184,0,}
{,99420,61184,0,}
{,60262,61184,0,}
{,79648,61184,0,}
{,96816,61184,0,}
{,99310,61184,0,}
{,97800,61184,0,}
{,48818,61184,0,}
{,45448,61184,0,}
{,102708,61184,0,}
{,61798,61184,0,}
{,96090,61184,0,}
{,87970,61184,0,}
{,84162,61184,0,}
{,96222,61184,0,}
{,116286,61184,0,}
{,109888,61184,0,}
{,49670,61184,0,}
{,117662,61184,0,}
{,82376,61184,0,}
{,47646,61184,0,}
{,45800,61184,0,}
{,44530,112134,0,}
{,84834,112134,0,}
{,75700,112134,0,}
{,51122,112134,0,}
{,114018,112134,0,}
{,110040,112134,0,}
{,116518,112134,0,}
{,101668,112134,0,}
{,69420,112134,0,}
{,96222,112134,0,}
{,116286,112134,0,}
{,109888,112134,0,}
{,89870,112134,0,}
{,59892,112134,0,}
{,82952,112134,0,}
{,69720,112134,0,}
{,49576,106854,0,}
{,95310,106854,0,}
{,44530,106854,0,}
{,114692,106854,0,}
{,115852,106854,0,}
{,96536,106854,0,}
{,87544,106854,0,}
{,110618,106854,0,}
{,44786,106854,0,}
{,105710,106854,0,}
{,101668,106854,0,}
{,108398,106854,0,}
{,111758,106854,0,}
{,54594,106854,0,}
{,114008,106854,0,}
{,104444,106854,0,}
{,109698,106854,0,}
{,107340,106854,0,}
{,83732,106854,0,}
{,112494,106854,0,}
{,80334,106854,0,}
{,67076,106854,0,}
{,90162,106854,0,}
{,116744,106854,0,}
{,77068,106854,0,}
{,69420,106854,0,}
{,94610,106854,0,}
{,62012,106854,0,}
{,60262,106854,0,}
{,79648,106854,0,}
{,96816,106854,0,}
{,99310,106854,0,}
{,97800,106854,0,}
{,48818,106854,0,}
{,45448,106854,0,}
{,102708,106854,0,}
{,70416,106854,0,}
{,62594,106854,0,}
{,117662,106854,0,}
{,59892,106854,0,}
{,82952,106854,0,}
{,69720,106854,0,}
{,46634,106854,0,}
{,49576,109438,0,}
{,95310,109438,0,}
{,88502,109438,0,}
{,44530,109438,0,}
{,101974,109438,0,}
{,115190,109438,0,}
{,103378,109438,0,}
{,108128,109438,0,}
{,87544,109438,0,}
{,110618,109438,0,}
{,113780,109438,0,}
{,84834,109438,0,}
{,101668,109438,0,}
{,108398,109438,0,}
{,106674,109438,0,}
{,112308,109438,0,}
{,55256,109438,0,}
{,85972,109438,0,}
{,51640,109438,0,}
{,55872,109438,0,}
{,93878,109438,0,}
{,114916,109438,0,}
{,67076,109438,0,}
{,90162,109438,0,}
{,116744,109438,0,}
{,77068,109438,0,}
{,69420,109438,0,}
{,94610,109438,0,}
{,62012,109438,0,}
{,99420,109438,0,}
{,60262,109438,0,}
{,79648,109438,0,}
{,96816,109438,0,}
{,99310,109438,0,}
{,97800,109438,0,}
{,48818,109438,0,}
{,45448,109438,0,}
{,61798,109438,0,}
{,96090,109438,0,}
{,87970,109438,0,}
{,84162,109438,0,}
{,96222,109438,0,}
{,116286,109438,0,}
{,109888,109438,0,}
{,62594,109438,0,}
{,49670,109438,0,}
{,117662,109438,0,}
{,82376,109438,0,}
{,47646,109438,0,}
{,45800,109438,0,}
{,49576,49670,0,}
{,95310,49670,0,}
{,44530,49670,0,}
{,114692,49670,0,}
{,115852,49670,0,}
{,96536,49670,0,}
{,87544,49670,0,}
{,110618,49670,0,}
{,44786,49670,0,}
{,105710,49670,0,}
{,101668,49670,0,}
{,108398,49670,0,}
{,111758,49670,0,}
{,54594,49670,0,}
{,114008,49670,0,}
{,104444,49670,0,}
{,109698,49670,0,}
{,74626,49670,0,}
{,69962,49670,0,}
{,65342,49670,0,}
{,107340,49670,0,}
{,83732,49670,0,}
{,97682,49670,0,}
{,107862,49670,0,}
{,96912,49670,0,}
{,83272,49670,0,}
{,112494,49670,0,}
{,80334,49670,0,}
{,67076,49670,0,}
{,90162,49670,0,}
{,116744,49670,0,}
{,77068,49670,0,}
{,69420,49670,0,}
{,94610,49670,0,}
{,62012,49670,0,}
{,60262,49670,0,}
{,79648,49670,0,}
{,96816,49670,0,}
{,99310,49670,0,}
{,97800,49670,0,}
{,48818,49670,0,}
{,45448,49670,0,}
{,102708,49670,0,}
{,70416,49670,0,}
{,62594,49670,0,}
{,117662,49670,0,}
{,59892,49670,0,}
{,82952,49670,0,}
{,78384,49670,0,}
{,69720,49670,0,}
{,46634,49670,0,}
{,89220,49670,0,}
{,49576,48666,0,}
{,95310,48666,0,}
{,44530,48666,0,}
{,114692,48666,0,}
{,115852,48666,0,}
{,96536,48666,0,}
{,87544,48666,0,}
{,110618,48666,0,}
{,44786,48666,0,}
{,105710,48666,0,}
{,101668,48666,0,}
{,108398,48666,0,}
{,111758,48666,0,}
{,54594,48666,0,}
{,114008,48666,0,}
{,104444,48666,0,}
{,109698,48666,0,}
{,107340,48666,0,}
{,83732,48666,0,}
{,112494,48666,0,}
{,80334,48666,0,}
{,67076,48666,0,}
{,90162,48666,0,}
{,116744,48666,0,}
{,77068,48666,0,}
{,69420,48666,0,}
{,94610,48666,0,}
{,62012,48666,0,}
{,60262,48666,0,}
{,79648,48666,0,}
{,96816,48666,0,}
{,99310,48666,0,}
{,97800,48666,0,}
{,48818,48666,0,}
{,45448,48666,0,}
{,102708,48666,0,}
{,70416,48666,0,}
{,62594,48666,0,}
{,117662,48666,0,}
{,59892,48666,0,}
{,82952,48666,0,}
{,69720,48666,0,}
{,46634,48666,0,}
{,97552,103528,0,}
{,86440,103528,0,}
{,116312,103528,0,}
{,106130,103528,0,}
{,42956,103528,0,}
{,42888,103528,0,}
{,57010,103528,0,}
{,114692,103528,0,}
{,101974,103528,0,}
{,115190,103528,0,}
{,103378,103528,0,}
{,105038,103528,0,}
{,106316,103528,0,}
{,80286,103528,0,}
{,55170,103528,0,}
{,84042,103528,0,}
{,85354,103528,0,}
{,107466,103528,0,}
{,111758,103528,0,}
{,54594,103528,0,}
{,114008,103528,0,}
{,104444,103528,0,}
{,109698,103528,0,}
{,82074,103528,0,}
{,115414,103528,0,}
{,112308,103528,0,}
{,55256,103528,0,}
{,85972,103528,0,}
{,44742,103528,0,}
{,113230,103528,0,}
{,51640,103528,0,}
{,55872,103528,0,}
{,93878,103528,0,}
{,114916,103528,0,}
{,65796,103528,0,}
{,88692,103528,0,}
{,86950,103528,0,}
{,67800,103528,0,}
{,67076,103528,0,}
{,90162,103528,0,}
{,116744,103528,0,}
{,77068,103528,0,}
{,70416,103528,0,}
{,62594,103528,0,}
{,49670,103528,0,}
{,59892,103528,0,}
{,82952,103528,0,}
{,69720,103528,0,}
{,46634,103528,0,}
{,47646,103528,0,}
{,49576,103900,0,}
{,87544,103900,0,}
{,60262,103900,0,}
{,79648,103900,0,}
{,96816,103900,0,}
{,49576,53310,0,}
{,95310,53310,0,}
{,88502,53310,0,}
{,114692,53310,0,}
{,101974,53310,0,}
{,115190,53310,0,}
{,103378,53310,0,}
{,87544,53310,0,}
{,110618,53310,0,}
{,113780,53310,0,}
{,114008,53310,0,}
{,104444,53310,0,}
{,109698,53310,0,}
{,82074,53310,0,}
{,115414,53310,0,}
{,112308,53310,0,}
{,55256,53310,0,}
{,85972,53310,0,}
{,113230,53310,0,}
{,51640,53310,0,}
{,55872,53310,0,}
{,93878,53310,0,}
{,114916,53310,0,}
{,65796,53310,0,}
{,88692,53310,0,}
{,86950,53310,0,}
{,67800,53310,0,}
{,60262,53310,0,}
{,79648,53310,0,}
{,96816,53310,0,}
{,99310,53310,0,}
{,97800,53310,0,}
{,48818,53310,0,}
{,45448,53310,0,}
{,61798,53310,0,}
{,96090,53310,0,}
{,87970,53310,0,}
{,84162,53310,0,}
{,49670,53310,0,}
{,82376,53310,0,}
{,46634,53310,0,}
{,47646,53310,0,}
{,45800,53310,0,}
{,115852,65684,0,}
{,96536,65684,0,}
{,107340,65684,0,}
{,83732,65684,0,}
{,113230,65684,0,}
{,97682,65684,0,}
{,107862,65684,0,}
{,96912,65684,0,}
{,83272,65684,0,}
{,65796,65684,0,}
{,49670,65684,0,}
{,78384,65684,0,}
{,116312,87936,0,}
{,44530,87936,0,}
{,114692,87936,0,}
{,103378,87936,0,}
{,105038,87936,0,}
{,105710,87936,0,}
{,101668,87936,0,}
{,108398,87936,0,}
{,111758,87936,0,}
{,54594,87936,0,}
{,114008,87936,0,}
{,104444,87936,0,}
{,109698,87936,0,}
{,82074,87936,0,}
{,115414,87936,0,}
{,113230,87936,0,}
{,51640,87936,0,}
{,55872,87936,0,}
{,93878,87936,0,}
{,114916,87936,0,}
{,67076,87936,0,}
{,90162,87936,0,}
{,116744,87936,0,}
{,77068,87936,0,}
{,69420,87936,0,}
{,94610,87936,0,}
{,62012,87936,0,}
{,70416,87936,0,}
{,62594,87936,0,}
{,117662,87936,0,}
{,59892,87936,0,}
{,82952,87936,0,}
{,69720,87936,0,}
{,47646,87936,0,}
{,88502,79530,0,}
{,114692,79530,0,}
{,101974,79530,0,}
{,115190,79530,0,}
{,103378,79530,0,}
{,113780,79530,0,}
{,75700,79530,0,}
{,51122,79530,0,}
{,105710,79530,0,}
{,114008,79530,0,}
{,104444,79530,0,}
{,109698,79530,0,}
{,115638,79530,0,}
{,44828,79530,0,}
{,61516,79530,0,}
{,116364,79530,0,}
{,82074,79530,0,}
{,115414,79530,0,}
{,112308,79530,0,}
{,55256,79530,0,}
{,85972,79530,0,}
{,113230,79530,0,}
{,51640,79530,0,}
{,55872,79530,0,}
{,93878,79530,0,}
{,114916,79530,0,}
{,61798,79530,0,}
{,96090,79530,0,}
{,87970,79530,0,}
{,84162,79530,0,}
{,89870,79530,0,}
{,49670,79530,0,}
{,59892,79530,0,}
{,82952,79530,0,}
{,82376,79530,0,}
{,69720,79530,0,}
{,46634,79530,0,}
{,47646,79530,0,}
{,45800,79530,0,}
{,97552,108306,0,}
{,86440,108306,0,}
{,116312,108306,0,}
{,106130,108306,0,}
{,42956,108306,0,}
{,42888,108306,0,}
{,114692,108306,0,}
{,101974,108306,0,}
{,115190,108306,0,}
{,103378,108306,0,}
{,105038,108306,0,}
{,106316,108306,0,}
{,80286,108306,0,}
{,55170,108306,0,}
{,84042,108306,0,}
{,107466,108306,0,}
{,111758,108306,0,}
{,54594,108306,0,}
{,114008,108306,0,}
{,104444,108306,0,}
{,109698,108306,0,}
{,82074,108306,0,}
{,115414,108306,0,}
{,112308,108306,0,}
{,55256,108306,0,}
{,85972,108306,0,}
{,44742,108306,0,}
{,113230,108306,0,}
{,51640,108306,0,}
{,55872,108306,0,}
{,93878,108306,0,}
{,114916,108306,0,}
{,65796,108306,0,}
{,88692,108306,0,}
{,86950,108306,0,}
{,67800,108306,0,}
{,67076,108306,0,}
{,90162,108306,0,}
{,116744,108306,0,}
{,77068,108306,0,}
{,70416,108306,0,}
{,62594,108306,0,}
{,49670,108306,0,}
{,59892,108306,0,}
{,82952,108306,0,}
{,69720,108306,0,}
{,46634,108306,0,}
{,47646,108306,0,}
{,49576,62464,0,}
{,95310,62464,0,}
{,88502,62464,0,}
{,44530,62464,0,}
{,114692,62464,0,}
{,108128,62464,0,}
{,87544,62464,0,}
{,110618,62464,0,}
{,113780,62464,0,}
{,84834,62464,0,}
{,105710,62464,0,}
{,101668,62464,0,}
{,108398,62464,0,}
{,111758,62464,0,}
{,54594,62464,0,}
{,114008,62464,0,}
{,104444,62464,0,}
{,109698,62464,0,}
{,106674,62464,0,}
{,67076,62464,0,}
{,90162,62464,0,}
{,116744,62464,0,}
{,77068,62464,0,}
{,69420,62464,0,}
{,94610,62464,0,}
{,62012,62464,0,}
{,99420,62464,0,}
{,60262,62464,0,}
{,79648,62464,0,}
{,96816,62464,0,}
{,99310,62464,0,}
{,97800,62464,0,}
{,48818,62464,0,}
{,45448,62464,0,}
{,61798,62464,0,}
{,96090,62464,0,}
{,87970,62464,0,}
{,84162,62464,0,}
{,96222,62464,0,}
{,116286,62464,0,}
{,109888,62464,0,}
{,70416,62464,0,}
{,62594,62464,0,}
{,117662,62464,0,}
{,59892,62464,0,}
{,82952,62464,0,}
{,69720,62464,0,}
{,49576,106082,0,}
{,87544,106082,0,}
{,60262,106082,0,}
{,79648,106082,0,}
{,88502,72650,0,}
{,103378,72650,0,}
{,113780,72650,0,}
{,112260,72650,0,}
{,51512,72650,0,}
{,82074,72650,0,}
{,115414,72650,0,}
{,113230,72650,0,}
{,51640,72650,0,}
{,55872,72650,0,}
{,93878,72650,0,}
{,114916,72650,0,}
{,65796,72650,0,}
{,88692,72650,0,}
{,86950,72650,0,}
{,67800,72650,0,}
{,61798,72650,0,}
{,96090,72650,0,}
{,87970,72650,0,}
{,84162,72650,0,}
{,49670,72650,0,}
{,82376,72650,0,}
{,89220,72650,0,}
{,47646,72650,0,}
{,45800,72650,0,}
{,49576,97134,0,}
{,95310,97134,0,}
{,88502,97134,0,}
{,87544,97134,0,}
{,110618,97134,0,}
{,113780,97134,0,}
{,60262,97134,0,}
{,79648,97134,0,}
{,96816,97134,0,}
{,99310,97134,0,}
{,97800,97134,0,}
{,48818,97134,0,}
{,61798,97134,0,}
{,96090,97134,0,}
{,87970,97134,0,}
{,111758,89560,0,}
{,54594,89560,0,}
{,82074,89560,0,}
{,115414,89560,0,}
{,65796,89560,0,}
{,88692,89560,0,}
{,86950,89560,0,}
{,67800,89560,0,}
{,70416,89560,0,}
{,59892,89560,0,}
{,82952,89560,0,}
{,69720,89560,0,}
{,88502,67284,0,}
{,103378,67284,0,}
{,113780,67284,0,}
{,112260,67284,0,}
{,51512,67284,0,}
{,75700,67284,0,}
{,82074,67284,0,}
{,115414,67284,0,}
{,113230,67284,0,}
{,51640,67284,0,}
{,55872,67284,0,}
{,93878,67284,0,}
{,114916,67284,0,}
{,65796,67284,0,}
{,88692,67284,0,}
{,86950,67284,0,}
{,67800,67284,0,}
{,61798,67284,0,}
{,96090,67284,0,}
{,87970,67284,0,}
{,84162,67284,0,}
{,89870,67284,0,}
{,49670,67284,0,}
{,82376,67284,0,}
{,89220,67284,0,}
{,47646,67284,0,}
{,45800,67284,0,}
{,115852,67624,0,}
{,96536,67624,0,}
{,103378,67624,0,}
{,74626,67624,0,}
{,69962,67624,0,}
{,65342,67624,0,}
{,107340,67624,0,}
{,83732,67624,0,}
{,113230,67624,0,}
{,51640,67624,0,}
{,55872,67624,0,}
{,49670,67624,0,}
{,78384,67624,0,}
{,47646,67624,0,}
{,116312,85516,0,}
{,44530,85516,0,}
{,114692,85516,0,}
{,103378,85516,0,}
{,105710,85516,0,}
{,101668,85516,0,}
{,108398,85516,0,}
{,111758,85516,0,}
{,54594,85516,0,}
{,114008,85516,0,}
{,104444,85516,0,}
{,109698,85516,0,}
{,82074,85516,0,}
{,115414,85516,0,}
{,113230,85516,0,}
{,51640,85516,0,}
{,55872,85516,0,}
{,93878,85516,0,}
{,114916,85516,0,}
{,67076,85516,0,}
{,90162,85516,0,}
{,116744,85516,0,}
{,77068,85516,0,}
{,69420,85516,0,}
{,94610,85516,0,}
{,62012,85516,0,}
{,70416,85516,0,}
{,62594,85516,0,}
{,117662,85516,0,}
{,59892,85516,0,}
{,82952,85516,0,}
{,69720,85516,0,}
{,47646,85516,0,}
{,86440,68874,0,}
{,116312,68874,0,}
{,106130,68874,0,}
{,114692,68874,0,}
{,101974,68874,0,}
{,115190,68874,0,}
{,103378,68874,0,}
{,105038,68874,0,}
{,106316,68874,0,}
{,111758,68874,0,}
{,54594,68874,0,}
{,114008,68874,0,}
{,104444,68874,0,}
{,109698,68874,0,}
{,82074,68874,0,}
{,115414,68874,0,}
{,112308,68874,0,}
{,55256,68874,0,}
{,85972,68874,0,}
{,44742,68874,0,}
{,113230,68874,0,}
{,51640,68874,0,}
{,55872,68874,0,}
{,93878,68874,0,}
{,114916,68874,0,}
{,65796,68874,0,}
{,88692,68874,0,}
{,86950,68874,0,}
{,67800,68874,0,}
{,67076,68874,0,}
{,90162,68874,0,}
{,116744,68874,0,}
{,77068,68874,0,}
{,70416,68874,0,}
{,62594,68874,0,}
{,49670,68874,0,}
{,59892,68874,0,}
{,82952,68874,0,}
{,69720,68874,0,}
{,46634,68874,0,}
{,47646,68874,0,}
{,116312,92718,0,}
{,44530,92718,0,}
{,114692,92718,0,}
{,103378,92718,0,}
{,105038,92718,0,}
{,106316,92718,0,}
{,105710,92718,0,}
{,101668,92718,0,}
{,108398,92718,0,}
{,111758,92718,0,}
{,54594,92718,0,}
{,114008,92718,0,}
{,104444,92718,0,}
{,109698,92718,0,}
{,82074,92718,0,}
{,115414,92718,0,}
{,113230,92718,0,}
{,51640,92718,0,}
{,55872,92718,0,}
{,93878,92718,0,}
{,114916,92718,0,}
{,67076,92718,0,}
{,90162,92718,0,}
{,116744,92718,0,}
{,77068,92718,0,}
{,69420,92718,0,}
{,94610,92718,0,}
{,62012,92718,0,}
{,70416,92718,0,}
{,62594,92718,0,}
{,117662,92718,0,}
{,59892,92718,0,}
{,82952,92718,0,}
{,69720,92718,0,}
{,47646,92718,0,}
{,106316,68878,0,}
{,49576,116092,0,}
{,95310,116092,0,}
{,88502,116092,0,}
{,44530,116092,0,}
{,108128,116092,0,}
{,87544,116092,0,}
{,110618,116092,0,}
{,44786,116092,0,}
{,113780,116092,0,}
{,84834,116092,0,}
{,112260,116092,0,}
{,51512,116092,0,}
{,101668,116092,0,}
{,108398,116092,0,}
{,111758,116092,0,}
{,54594,116092,0,}
{,106674,116092,0,}
{,112494,116092,0,}
{,80334,116092,0,}
{,67076,116092,0,}
{,90162,116092,0,}
{,116744,116092,0,}
{,77068,116092,0,}
{,69420,116092,0,}
{,94610,116092,0,}
{,62012,116092,0,}
{,99420,116092,0,}
{,60262,116092,0,}
{,79648,116092,0,}
{,96816,116092,0,}
{,99310,116092,0,}
{,97800,116092,0,}
{,48818,116092,0,}
{,45448,116092,0,}
{,102708,116092,0,}
{,61798,116092,0,}
{,96090,116092,0,}
{,87970,116092,0,}
{,84162,116092,0,}
{,96222,116092,0,}
{,116286,116092,0,}
{,109888,116092,0,}
{,70416,116092,0,}
{,62594,116092,0,}
{,117662,116092,0,}
{,59892,116092,0,}
{,82952,116092,0,}
{,82376,116092,0,}
{,69720,116092,0,}
{,89220,116092,0,}
{,45800,116092,0,}
{,101974,113162,0,}
{,115190,113162,0,}
{,103378,113162,0,}
{,44786,113162,0,}
{,112308,113162,0,}
{,55256,113162,0,}
{,85972,113162,0,}
{,113230,113162,0,}
{,51640,113162,0,}
{,55872,113162,0,}
{,93878,113162,0,}
{,114916,113162,0,}
{,65796,113162,0,}
{,88692,113162,0,}
{,86950,113162,0,}
{,67800,113162,0,}
{,102708,113162,0,}
{,49670,113162,0,}
{,82376,113162,0,}
{,89220,113162,0,}
{,47646,113162,0,}
{,45800,113162,0,}
{,86440,116580,0,}
{,116312,116580,0,}
{,106130,116580,0,}
{,42956,116580,0,}
{,114692,116580,0,}
{,101974,116580,0,}
{,115190,116580,0,}
{,103378,116580,0,}
{,105038,116580,0,}
{,106316,116580,0,}
{,80286,116580,0,}
{,55170,116580,0,}
{,107466,116580,0,}
{,111758,116580,0,}
{,54594,116580,0,}
{,114008,116580,0,}
{,104444,116580,0,}
{,109698,116580,0,}
{,82074,116580,0,}
{,115414,116580,0,}
{,112308,116580,0,}
{,55256,116580,0,}
{,85972,116580,0,}
{,44742,116580,0,}
{,113230,116580,0,}
{,51640,116580,0,}
{,55872,116580,0,}
{,93878,116580,0,}
{,114916,116580,0,}
{,65796,116580,0,}
{,88692,116580,0,}
{,86950,116580,0,}
{,67800,116580,0,}
{,67076,116580,0,}
{,90162,116580,0,}
{,116744,116580,0,}
{,77068,116580,0,}
{,70416,116580,0,}
{,62594,116580,0,}
{,49670,116580,0,}
{,59892,116580,0,}
{,82952,116580,0,}
{,69720,116580,0,}
{,46634,116580,0,}
{,47646,116580,0,}
{,88502,96066,0,}
{,114692,96066,0,}
{,101974,96066,0,}
{,115190,96066,0,}
{,103378,96066,0,}
{,113780,96066,0,}
{,75700,96066,0,}
{,51122,96066,0,}
{,105710,96066,0,}
{,114008,96066,0,}
{,104444,96066,0,}
{,109698,96066,0,}
{,115638,96066,0,}
{,44828,96066,0,}
{,61516,96066,0,}
{,116364,96066,0,}
{,113168,96066,0,}
{,74822,96066,0,}
{,44582,96066,0,}
{,82074,96066,0,}
{,115414,96066,0,}
{,112308,96066,0,}
{,55256,96066,0,}
{,85972,96066,0,}
{,113230,96066,0,}
{,51640,96066,0,}
{,55872,96066,0,}
{,93878,96066,0,}
{,114916,96066,0,}
{,61798,96066,0,}
{,96090,96066,0,}
{,87970,96066,0,}
{,84162,96066,0,}
{,89870,96066,0,}
{,49670,96066,0,}
{,59892,96066,0,}
{,82952,96066,0,}
{,82376,96066,0,}
{,69720,96066,0,}
{,46634,96066,0,}
{,47646,96066,0,}
{,45800,96066,0,}
{,111758,46544,0,}
{,54594,46544,0,}
{,65796,46544,0,}
{,88692,46544,0,}
{,86950,46544,0,}
{,67800,46544,0,}
{,112494,46544,0,}
{,80334,46544,0,}
{,70416,46544,0,}
{,59892,46544,0,}
{,82952,46544,0,}
{,69720,46544,0,}
{,44530,104572,0,}
{,101974,104572,0,}
{,115190,104572,0,}
{,103378,104572,0,}
{,108128,104572,0,}
{,84834,104572,0,}
{,112260,104572,0,}
{,51512,104572,0,}
{,75700,104572,0,}
{,51122,104572,0,}
{,49794,104572,0,}
{,101668,104572,0,}
{,108398,104572,0,}
{,113804,104572,0,}
{,70098,104572,0,}
{,115638,104572,0,}
{,44828,104572,0,}
{,61516,104572,0,}
{,106674,104572,0,}
{,82074,104572,0,}
{,115414,104572,0,}
{,112308,104572,0,}
{,55256,104572,0,}
{,85972,104572,0,}
{,113230,104572,0,}
{,51640,104572,0,}
{,55872,104572,0,}
{,93878,104572,0,}
{,114916,104572,0,}
{,65796,104572,0,}
{,88692,104572,0,}
{,86950,104572,0,}
{,67800,104572,0,}
{,69420,104572,0,}
{,99420,104572,0,}
{,96222,104572,0,}
{,116286,104572,0,}
{,109888,104572,0,}
{,89870,104572,0,}
{,49670,104572,0,}
{,117662,104572,0,}
{,82376,104572,0,}
{,69720,104572,0,}
{,89220,104572,0,}
{,47646,104572,0,}
{,45800,104572,0,}
{,114692,68918,0,}
{,101974,68918,0,}
{,115190,68918,0,}
{,103378,68918,0,}
{,111758,68918,0,}
{,54594,68918,0,}
{,114008,68918,0,}
{,104444,68918,0,}
{,109698,68918,0,}
{,82074,68918,0,}
{,115414,68918,0,}
{,112308,68918,0,}
{,55256,68918,0,}
{,85972,68918,0,}
{,44742,68918,0,}
{,113230,68918,0,}
{,51640,68918,0,}
{,55872,68918,0,}
{,93878,68918,0,}
{,114916,68918,0,}
{,65796,68918,0,}
{,88692,68918,0,}
{,86950,68918,0,}
{,67800,68918,0,}
{,67076,68918,0,}
{,90162,68918,0,}
{,116744,68918,0,}
{,77068,68918,0,}
{,70416,68918,0,}
{,62594,68918,0,}
{,49670,68918,0,}
{,59892,68918,0,}
{,82952,68918,0,}
{,69720,68918,0,}
{,46634,68918,0,}
{,47646,68918,0,}
{,86440,70794,0,}
{,116312,70794,0,}
{,106130,70794,0,}
{,42956,70794,0,}
{,114692,70794,0,}
{,101974,70794,0,}
{,115190,70794,0,}
{,103378,70794,0,}
{,105038,70794,0,}
{,106316,70794,0,}
{,80286,70794,0,}
{,111758,70794,0,}
{,54594,70794,0,}
{,114008,70794,0,}
{,104444,70794,0,}
{,109698,70794,0,}
{,82074,70794,0,}
{,115414,70794,0,}
{,112308,70794,0,}
{,55256,70794,0,}
{,85972,70794,0,}
{,44742,70794,0,}
{,113230,70794,0,}
{,51640,70794,0,}
{,55872,70794,0,}
{,93878,70794,0,}
{,114916,70794,0,}
{,65796,70794,0,}
{,88692,70794,0,}
{,86950,70794,0,}
{,67800,70794,0,}
{,67076,70794,0,}
{,90162,70794,0,}
{,116744,70794,0,}
{,77068,70794,0,}
{,70416,70794,0,}
{,62594,70794,0,}
{,49670,70794,0,}
{,59892,70794,0,}
{,82952,70794,0,}
{,69720,70794,0,}
{,46634,70794,0,}
{,47646,70794,0,}
{,115852,115580,0,}
{,96536,115580,0,}
{,103378,115580,0,}
{,74626,115580,0,}
{,69962,115580,0,}
{,65342,115580,0,}
{,107340,115580,0,}
{,83732,115580,0,}
{,113230,115580,0,}
{,51640,115580,0,}
{,55872,115580,0,}
{,93878,115580,0,}
{,49670,115580,0,}
{,78384,115580,0,}
{,47646,115580,0,}
{,49576,112756,0,}
{,95310,112756,0,}
{,87544,112756,0,}
{,60262,112756,0,}
{,79648,112756,0,}
{,96816,112756,0,}
{,99310,112756,0,}
{,49576,109898,0,}
{,95310,109898,0,}
{,88502,109898,0,}
{,44530,109898,0,}
{,108128,109898,0,}
{,87544,109898,0,}
{,110618,109898,0,}
{,44786,109898,0,}
{,113780,109898,0,}
{,84834,109898,0,}
{,112260,109898,0,}
{,51512,109898,0,}
{,101668,109898,0,}
{,108398,109898,0,}
{,111758,109898,0,}
{,54594,109898,0,}
{,106674,109898,0,}
{,74626,109898,0,}
{,112494,109898,0,}
{,80334,109898,0,}
{,67076,109898,0,}
{,90162,109898,0,}
{,116744,109898,0,}
{,77068,109898,0,}
{,69420,109898,0,}
{,94610,109898,0,}
{,62012,109898,0,}
{,99420,109898,0,}
{,60262,109898,0,}
{,79648,109898,0,}
{,96816,109898,0,}
{,99310,109898,0,}
{,97800,109898,0,}
{,48818,109898,0,}
{,45448,109898,0,}
{,102708,109898,0,}
{,61798,109898,0,}
{,96090,109898,0,}
{,87970,109898,0,}
{,84162,109898,0,}
{,96222,109898,0,}
{,116286,109898,0,}
{,109888,109898,0,}
{,70416,109898,0,}
{,62594,109898,0,}
{,117662,109898,0,}
{,59892,109898,0,}
{,82952,109898,0,}
{,82376,109898,0,}
{,69720,109898,0,}
{,89220,109898,0,}
{,45800,109898,0,}
{,49576,111836,0,}
{,95310,111836,0,}
{,88502,111836,0,}
{,114692,111836,0,}
{,101974,111836,0,}
{,115190,111836,0,}
{,103378,111836,0,}
{,87544,111836,0,}
{,110618,111836,0,}
{,113780,111836,0,}
{,114008,111836,0,}
{,104444,111836,0,}
{,109698,111836,0,}
{,82074,111836,0,}
{,115414,111836,0,}
{,112308,111836,0,}
{,55256,111836,0,}
{,85972,111836,0,}
{,113230,111836,0,}
{,51640,111836,0,}
{,55872,111836,0,}
{,93878,111836,0,}
{,114916,111836,0,}
{,65796,111836,0,}
{,88692,111836,0,}
{,86950,111836,0,}
{,67800,111836,0,}
{,60262,111836,0,}
{,79648,111836,0,}
{,96816,111836,0,}
{,99310,111836,0,}
{,97800,111836,0,}
{,48818,111836,0,}
{,45448,111836,0,}
{,61798,111836,0,}
{,96090,111836,0,}
{,87970,111836,0,}
{,84162,111836,0,}
{,49670,111836,0,}
{,82376,111836,0,}
{,46634,111836,0,}
{,47646,111836,0,}
{,45800,111836,0,}
{,112260,59156,0,}
{,51512,59156,0,}
{,75700,59156,0,}
{,51122,59156,0,}
{,65796,59156,0,}
{,88692,59156,0,}
{,86950,59156,0,}
{,67800,59156,0,}
{,89870,59156,0,}
{,59892,59156,0,}
{,82952,59156,0,}
{,69720,59156,0,}
{,44530,67680,0,}
{,108128,67680,0,}
{,84834,67680,0,}
{,105710,67680,0,}
{,101668,67680,0,}
{,108398,67680,0,}
{,106674,67680,0,}
{,67076,67680,0,}
{,90162,67680,0,}
{,116744,67680,0,}
{,69420,67680,0,}
{,94610,67680,0,}
{,62012,67680,0,}
{,99420,67680,0,}
{,96222,67680,0,}
{,116286,67680,0,}
{,109888,67680,0,}
{,117662,67680,0,}
{,59892,67680,0,}
{,82952,67680,0,}
{,69720,67680,0,}
{,101974,59704,0,}
{,115190,59704,0,}
{,103378,59704,0,}
{,44786,59704,0,}
{,82074,59704,0,}
{,112308,59704,0,}
{,55256,59704,0,}
{,85972,59704,0,}
{,113230,59704,0,}
{,51640,59704,0,}
{,55872,59704,0,}
{,93878,59704,0,}
{,114916,59704,0,}
{,65796,59704,0,}
{,88692,59704,0,}
{,86950,59704,0,}
{,67800,59704,0,}
{,102708,59704,0,}
{,49670,59704,0,}
{,82376,59704,0,}
{,89220,59704,0,}
{,47646,59704,0,}
{,45800,59704,0,}
{,86440,61336,0,}
{,116312,61336,0,}
{,106130,61336,0,}
{,42956,61336,0,}
{,114692,61336,0,}
{,101974,61336,0,}
{,115190,61336,0,}
{,103378,61336,0,}
{,105038,61336,0,}
{,106316,61336,0,}
{,111758,61336,0,}
{,54594,61336,0,}
{,114008,61336,0,}
{,104444,61336,0,}
{,109698,61336,0,}
{,82074,61336,0,}
{,115414,61336,0,}
{,112308,61336,0,}
{,55256,61336,0,}
{,85972,61336,0,}
{,44742,61336,0,}
{,113230,61336,0,}
{,51640,61336,0,}
{,55872,61336,0,}
{,93878,61336,0,}
{,114916,61336,0,}
{,65796,61336,0,}
{,88692,61336,0,}
{,86950,61336,0,}
{,67800,61336,0,}
{,67076,61336,0,}
{,90162,61336,0,}
{,116744,61336,0,}
{,77068,61336,0,}
{,70416,61336,0,}
{,62594,61336,0,}
{,49670,61336,0,}
{,59892,61336,0,}
{,82952,61336,0,}
{,69720,61336,0,}
{,46634,61336,0,}
{,47646,61336,0,}
{,88502,79304,0,}
{,103378,79304,0,}
{,113780,79304,0,}
{,112260,79304,0,}
{,51512,79304,0,}
{,82074,79304,0,}
{,115414,79304,0,}
{,113230,79304,0,}
{,51640,79304,0,}
{,55872,79304,0,}
{,93878,79304,0,}
{,114916,79304,0,}
{,65796,79304,0,}
{,88692,79304,0,}
{,86950,79304,0,}
{,67800,79304,0,}
{,61798,79304,0,}
{,96090,79304,0,}
{,87970,79304,0,}
{,84162,79304,0,}
{,89870,79304,0,}
{,49670,79304,0,}
{,82376,79304,0,}
{,89220,79304,0,}
{,47646,79304,0,}
{,45800,79304,0,}
{,97552,89496,0,}
{,86440,89496,0,}
{,116312,89496,0,}
{,106130,89496,0,}
{,42956,89496,0,}
{,42888,89496,0,}
{,57010,89496,0,}
{,114692,89496,0,}
{,101974,89496,0,}
{,115190,89496,0,}
{,103378,89496,0,}
{,105038,89496,0,}
{,106316,89496,0,}
{,80286,89496,0,}
{,55170,89496,0,}
{,84042,89496,0,}
{,107466,89496,0,}
{,111758,89496,0,}
{,54594,89496,0,}
{,114008,89496,0,}
{,104444,89496,0,}
{,109698,89496,0,}
{,82074,89496,0,}
{,115414,89496,0,}
{,112308,89496,0,}
{,55256,89496,0,}
{,85972,89496,0,}
{,44742,89496,0,}
{,113230,89496,0,}
{,51640,89496,0,}
{,55872,89496,0,}
{,93878,89496,0,}
{,114916,89496,0,}
{,65796,89496,0,}
{,88692,89496,0,}
{,86950,89496,0,}
{,67800,89496,0,}
{,67076,89496,0,}
{,90162,89496,0,}
{,116744,89496,0,}
{,77068,89496,0,}
{,70416,89496,0,}
{,62594,89496,0,}
{,49670,89496,0,}
{,59892,89496,0,}
{,82952,89496,0,}
{,69720,89496,0,}
{,46634,89496,0,}
{,47646,89496,0,}
{,81860,87926,0,}
{,89598,87926,0,}
{,88502,87926,0,}
{,114692,87926,0,}
{,103378,87926,0,}
{,113780,87926,0,}
{,75700,87926,0,}
{,51122,87926,0,}
{,105710,87926,0,}
{,114018,87926,0,}
{,110040,87926,0,}
{,116518,87926,0,}
{,113804,87926,0,}
{,70098,87926,0,}
{,114008,87926,0,}
{,104444,87926,0,}
{,109698,87926,0,}
{,115638,87926,0,}
{,44828,87926,0,}
{,61516,87926,0,}
{,116364,87926,0,}
{,113168,87926,0,}
{,74822,87926,0,}
{,44582,87926,0,}
{,88954,87926,0,}
{,82074,87926,0,}
{,115414,87926,0,}
{,113230,87926,0,}
{,51640,87926,0,}
{,55872,87926,0,}
{,93878,87926,0,}
{,114916,87926,0,}
{,65796,87926,0,}
{,88692,87926,0,}
{,86950,87926,0,}
{,67800,87926,0,}
{,61798,87926,0,}
{,96090,87926,0,}
{,87970,87926,0,}
{,84162,87926,0,}
{,89870,87926,0,}
{,59892,87926,0,}
{,82952,87926,0,}
{,82376,87926,0,}
{,69720,87926,0,}
{,46634,87926,0,}
{,47646,87926,0,}
{,45800,87926,0,}
{,44530,49518,0,}
{,108128,49518,0,}
{,84834,49518,0,}
{,105710,49518,0,}
{,101668,49518,0,}
{,108398,49518,0,}
{,106674,49518,0,}
{,69420,49518,0,}
{,94610,49518,0,}
{,62012,49518,0,}
{,99420,49518,0,}
{,96222,49518,0,}
{,116286,49518,0,}
{,109888,49518,0,}
{,117662,49518,0,}
{,59892,49518,0,}
{,82952,49518,0,}
{,69720,49518,0,}
{,88502,52140,0,}
{,103378,52140,0,}
{,113780,52140,0,}
{,75700,52140,0,}
{,51122,52140,0,}
{,105710,52140,0,}
{,113804,52140,0,}
{,70098,52140,0,}
{,51640,52140,0,}
{,55872,52140,0,}
{,93878,52140,0,}
{,114916,52140,0,}
{,65796,52140,0,}
{,88692,52140,0,}
{,86950,52140,0,}
{,67800,52140,0,}
{,61798,52140,0,}
{,96090,52140,0,}
{,87970,52140,0,}
{,84162,52140,0,}
{,89870,52140,0,}
{,49670,52140,0,}
{,59892,52140,0,}
{,82952,52140,0,}
{,82376,52140,0,}
{,69720,52140,0,}
{,46634,52140,0,}
{,47646,52140,0,}
{,45800,52140,0,}
{,84834,71258,0,}
{,75700,71258,0,}
{,51122,71258,0,}
{,114018,71258,0,}
{,110040,71258,0,}
{,116518,71258,0,}
{,96222,71258,0,}
{,116286,71258,0,}
{,109888,71258,0,}
{,89870,71258,0,}
{,59892,71258,0,}
{,82952,71258,0,}
{,69720,71258,0,}
{,44530,66280,0,}
{,108128,66280,0,}
{,84834,66280,0,}
{,49794,66280,0,}
{,101668,66280,0,}
{,108398,66280,0,}
{,111758,66280,0,}
{,54594,66280,0,}
{,106674,66280,0,}
{,69420,66280,0,}
{,99420,66280,0,}
{,96222,66280,0,}
{,116286,66280,0,}
{,109888,66280,0,}
{,117662,66280,0,}
{,59892,66280,0,}
{,82952,66280,0,}
{,69720,66280,0,}
{,49576,99794,0,}
{,95310,99794,0,}
{,101974,99794,0,}
{,115190,99794,0,}
{,103378,99794,0,}
{,87544,99794,0,}
{,110618,99794,0,}
{,44786,99794,0,}
{,112308,99794,0,}
{,55256,99794,0,}
{,85972,99794,0,}
{,113230,99794,0,}
{,51640,99794,0,}
{,55872,99794,0,}
{,93878,99794,0,}
{,114916,99794,0,}
{,65796,99794,0,}
{,88692,99794,0,}
{,86950,99794,0,}
{,67800,99794,0,}
{,60262,99794,0,}
{,79648,99794,0,}
{,96816,99794,0,}
{,99310,78000,0,}
{,97800,99794,0,}
{,48818,99794,0,}
{,45448,99794,0,}
{,102708,99794,0,}
{,49670,99794,0,}
{,82376,99794,0,}
{,46634,99794,0,}
{,47646,99794,0,}
{,45800,99794,0,}
{,115852,67982,0,}
{,96536,67982,0,}
{,103378,67982,0,}
{,74626,67982,0,}
{,69962,67982,0,}
{,65342,67982,0,}
{,107340,67982,0,}
{,83732,67982,0,}
{,113230,67982,0,}
{,51640,67982,0,}
{,55872,67982,0,}
{,93878,67982,0,}
{,114916,67982,0,}
{,49670,67982,0,}
{,78384,67982,0,}
{,47646,67982,0,}
{,49576,56474,0,}
{,95310,56474,0,}
{,88502,56474,0,}
{,44530,56474,0,}
{,108128,56474,0,}
{,87544,56474,0,}
{,110618,56474,0,}
{,44786,56474,0,}
{,113780,56474,0,}
{,84834,56474,0,}
{,112260,56474,0,}
{,51512,56474,0,}
{,101668,56474,0,}
{,108398,56474,0,}
{,111758,56474,0,}
{,54594,56474,0,}
{,106674,56474,0,}
{,74626,56474,0,}
{,69962,56474,0,}
{,112494,56474,0,}
{,80334,56474,0,}
{,67076,56474,0,}
{,90162,56474,0,}
{,116744,56474,0,}
{,77068,56474,0,}
{,69420,56474,0,}
{,94610,56474,0,}
{,62012,56474,0,}
{,99420,56474,0,}
{,60262,56474,0,}
{,79648,56474,0,}
{,96816,56474,0,}
{,99310,56474,0,}
{,97800,56474,0,}
{,48818,56474,0,}
{,45448,56474,0,}
{,102708,56474,0,}
{,61798,56474,0,}
{,96090,56474,0,}
{,87970,56474,0,}
{,84162,56474,0,}
{,96222,56474,0,}
{,116286,56474,0,}
{,109888,56474,0,}
{,70416,56474,0,}
{,62594,56474,0,}
{,117662,56474,0,}
{,59892,56474,0,}
{,82952,56474,0,}
{,82376,56474,0,}
{,69720,56474,0,}
{,89220,56474,0,}
{,45800,56474,0,}
{,49576,109720,0,}
{,95310,109720,0,}
{,88502,109720,0,}
{,44530,109720,0,}
{,114692,109720,0,}
{,101974,109720,0,}
{,115190,109720,0,}
{,108128,109720,0,}
{,87544,109720,0,}
{,110618,109720,0,}
{,44786,109720,0,}
{,113780,109720,0,}
{,84834,109720,0,}
{,105710,109720,0,}
{,101668,109720,0,}
{,108398,109720,0,}
{,111758,109720,0,}
{,54594,109720,0,}
{,114008,109720,0,}
{,104444,109720,0,}
{,109698,109720,0,}
{,106674,109720,0,}
{,112308,109720,0,}
{,55256,109720,0,}
{,85972,109720,0,}
{,97682,109720,0,}
{,112494,109720,0,}
{,80334,109720,0,}
{,67076,109720,0,}
{,90162,109720,0,}
{,116744,109720,0,}
{,77068,109720,0,}
{,69420,109720,0,}
{,94610,109720,0,}
{,62012,109720,0,}
{,99420,109720,0,}
{,60262,109720,0,}
{,79648,109720,0,}
{,96816,109720,0,}
{,99310,109720,0,}
{,97800,109720,0,}
{,48818,109720,0,}
{,45448,109720,0,}
{,102708,109720,0,}
{,61798,109720,0,}
{,96090,109720,0,}
{,87970,109720,0,}
{,84162,109720,0,}
{,96222,109720,0,}
{,116286,109720,0,}
{,109888,109720,0,}
{,70416,109720,0,}
{,62594,109720,0,}
{,117662,109720,0,}
{,59892,109720,0,}
{,82952,109720,0,}
{,82376,109720,0,}
{,69720,109720,0,}
{,46634,109720,0,}
{,45800,109720,0,}
{,44530,75408,0,}
{,108128,75408,0,}
{,84834,75408,0,}
{,105710,75408,0,}
{,101668,75408,0,}
{,108398,75408,0,}
{,106674,75408,0,}
{,67076,75408,0,}
{,90162,75408,0,}
{,116744,75408,0,}
{,69420,75408,0,}
{,94610,75408,0,}
{,62012,75408,0,}
{,99420,75408,0,}
{,96222,75408,0,}
{,116286,75408,0,}
{,109888,75408,0,}
{,62594,75408,0,}
{,117662,75408,0,}
{,59892,75408,0,}
{,82952,75408,0,}
{,69720,75408,0,}
{,49576,113650,0,}
{,95310,113650,0,}
{,88502,113650,0,}
{,44530,113650,0,}
{,108128,113650,0,}
{,87544,113650,0,}
{,110618,113650,0,}
{,113780,113650,0,}
{,84834,113650,0,}
{,112260,113650,0,}
{,51512,113650,0,}
{,101668,113650,0,}
{,108398,113650,0,}
{,111758,113650,0,}
{,54594,113650,0,}
{,106674,113650,0,}
{,67076,113650,0,}
{,90162,113650,0,}
{,116744,113650,0,}
{,77068,113650,0,}
{,69420,113650,0,}
{,94610,113650,0,}
{,62012,113650,0,}
{,99420,113650,0,}
{,60262,113650,0,}
{,79648,113650,0,}
{,96816,113650,0,}
{,99310,113650,0,}
{,97800,113650,0,}
{,48818,113650,0,}
{,45448,113650,0,}
{,61798,113650,0,}
{,96090,113650,0,}
{,87970,113650,0,}
{,84162,113650,0,}
{,96222,113650,0,}
{,116286,113650,0,}
{,109888,113650,0,}
{,70416,113650,0,}
{,62594,113650,0,}
{,117662,113650,0,}
{,59892,113650,0,}
{,82952,113650,0,}
{,69720,113650,0,}
{,49576,61516,0,}
{,95310,61516,0,}
{,88502,61516,0,}
{,114692,61516,0,}
{,101974,61516,0,}
{,115190,61516,0,}
{,103378,61516,0,}
{,87544,61516,0,}
{,110618,61516,0,}
{,113780,61516,0,}
{,114008,61516,0,}
{,104444,61516,0,}
{,109698,61516,0,}
{,115638,61516,0,}
{,44828,61516,0,}
{,82074,61516,0,}
{,115414,61516,0,}
{,112308,61516,0,}
{,55256,61516,0,}
{,85972,61516,0,}
{,113230,61516,0,}
{,51640,61516,0,}
{,55872,61516,0,}
{,93878,61516,0,}
{,114916,61516,0,}
{,65796,61516,0,}
{,88692,61516,0,}
{,86950,61516,0,}
{,67800,61516,0,}
{,60262,61516,0,}
{,79648,61516,0,}
{,96816,61516,0,}
{,99310,61516,0,}
{,97800,61516,0,}
{,48818,61516,0,}
{,45448,61516,0,}
{,61798,61516,0,}
{,96090,61516,0,}
{,87970,61516,0,}
{,84162,61516,0,}
{,49670,61516,0,}
{,82376,61516,0,}
{,46634,61516,0,}
{,47646,61516,0,}
{,45800,61516,0,}
{,85354,71232,0,}
{,49576,69658,0,}
{,95310,69658,0,}
{,44530,69658,0,}
{,114692,69658,0,}
{,87544,69658,0,}
{,110618,69658,0,}
{,44786,69658,0,}
{,105710,69658,0,}
{,101668,69658,0,}
{,108398,69658,0,}
{,111758,69658,0,}
{,54594,69658,0,}
{,114008,69658,0,}
{,104444,69658,0,}
{,109698,69658,0,}
{,112494,69658,0,}
{,80334,69658,0,}
{,67076,69658,0,}
{,90162,69658,0,}
{,116744,69658,0,}
{,77068,69658,0,}
{,69420,69658,0,}
{,94610,69658,0,}
{,62012,69658,0,}
{,60262,69658,0,}
{,79648,69658,0,}
{,96816,69658,0,}
{,99310,69658,0,}
{,97800,69658,0,}
{,48818,69658,0,}
{,45448,69658,0,}
{,102708,69658,0,}
{,70416,69658,0,}
{,62594,69658,0,}
{,117662,69658,0,}
{,59892,69658,0,}
{,82952,69658,0,}
{,69720,69658,0,}
{,46634,69658,0,}
{,44530,72572,0,}
{,114692,72572,0,}
{,103378,72572,0,}
{,101668,72572,0,}
{,108398,72572,0,}
{,111758,72572,0,}
{,54594,72572,0,}
{,114008,72572,0,}
{,104444,72572,0,}
{,109698,72572,0,}
{,82074,72572,0,}
{,115414,72572,0,}
{,113230,72572,0,}
{,51640,72572,0,}
{,55872,72572,0,}
{,93878,72572,0,}
{,114916,72572,0,}
{,67076,72572,0,}
{,90162,72572,0,}
{,116744,72572,0,}
{,77068,72572,0,}
{,69420,72572,0,}
{,94610,72572,0,}
{,62012,72572,0,}
{,70416,72572,0,}
{,62594,72572,0,}
{,117662,72572,0,}
{,59892,72572,0,}
{,82952,72572,0,}
{,47646,72572,0,}
{,49576,95084,0,}
{,95310,95084,0,}
{,87544,95084,0,}
{,110618,95084,0,}
{,60262,95084,0,}
{,79648,95084,0,}
{,96816,95084,0,}
{,99310,95084,0,}
{,97800,95084,0,}
{,48818,95084,0,}
{,61798,95084,0,}
{,96090,95084,0,}
{,115852,81084,0,}
{,96536,81084,0,}
{,107340,81084,0,}
{,83732,81084,0,}
{,113230,81084,0,}
{,97682,81084,0,}
{,107862,81084,0,}
{,96912,81084,0,}
{,83272,81084,0,}
{,49670,81084,0,}
{,78384,81084,0,}
{,88502,101190,0,}
{,44530,101190,0,}
{,114692,101190,0,}
{,101974,101190,0,}
{,115190,101190,0,}
{,103378,101190,0,}
{,113780,101190,0,}
{,101668,101190,0,}
{,108398,101190,0,}
{,113804,101190,0,}
{,114008,101190,0,}
{,104444,101190,0,}
{,109698,101190,0,}
{,115638,101190,0,}
{,44828,101190,0,}
{,61516,101190,0,}
{,82074,101190,0,}
{,115414,101190,0,}
{,112308,101190,0,}
{,55256,101190,0,}
{,85972,101190,0,}
{,113230,101190,0,}
{,51640,101190,0,}
{,55872,101190,0,}
{,93878,101190,0,}
{,114916,101190,0,}
{,65796,101190,0,}
{,88692,101190,0,}
{,86950,101190,0,}
{,67800,101190,0,}
{,69420,101190,0,}
{,61798,101190,0,}
{,96090,101190,0,}
{,87970,101190,0,}
{,84162,101190,0,}
{,49670,101190,0,}
{,117662,101190,0,}
{,82376,101190,0,}
{,46634,101190,0,}
{,47646,101190,0,}
{,45800,101190,0,}
{,49576,113638,0,}
{,95310,113638,0,}
{,87544,113638,0,}
{,110618,113638,0,}
{,60262,113638,0,}
{,79648,113638,0,}
{,96816,113638,0,}
{,99310,113638,0,}
{,97800,113638,0,}
{,48818,113638,0,}
{,44530,59892,0,}
{,101974,59892,0,}
{,115190,59892,0,}
{,103378,59892,0,}
{,108128,59892,0,}
{,84834,59892,0,}
{,112260,59892,0,}
{,51512,59892,0,}
{,75700,59892,0,}
{,51122,59892,0,}
{,49794,59892,0,}
{,101668,59892,0,}
{,108398,59892,0,}
{,113804,59892,0,}
{,70098,59892,0,}
{,115638,59892,0,}
{,44828,59892,0,}
{,61516,59892,0,}
{,106674,59892,0,}
{,82074,59892,0,}
{,115414,59892,0,}
{,112308,59892,0,}
{,55256,59892,0,}
{,85972,59892,0,}
{,113230,59892,0,}
{,51640,59892,0,}
{,55872,59892,0,}
{,93878,59892,0,}
{,114916,59892,0,}
{,65796,59892,0,}
{,88692,59892,0,}
{,86950,59892,0,}
{,67800,59892,0,}
{,69420,59892,0,}
{,99420,59892,0,}
{,96222,59892,0,}
{,116286,59892,0,}
{,109888,59892,0,}
{,89870,59892,0,}
{,49670,59892,0,}
{,117662,59892,0,}
{,82376,59892,0,}
{,69720,59892,0,}
{,89220,59892,0,}
{,47646,59892,0,}
{,45800,59892,0,}
{,116312,62854,0,}
{,44530,62854,0,}
{,114692,62854,0,}
{,103378,62854,0,}
{,105710,62854,0,}
{,101668,62854,0,}
{,108398,62854,0,}
{,111758,62854,0,}
{,54594,62854,0,}
{,114008,62854,0,}
{,104444,62854,0,}
{,109698,62854,0,}
{,82074,62854,0,}
{,115414,62854,0,}
{,113230,62854,0,}
{,51640,62854,0,}
{,55872,62854,0,}
{,93878,62854,0,}
{,114916,62854,0,}
{,67076,62854,0,}
{,90162,62854,0,}
{,116744,62854,0,}
{,77068,62854,0,}
{,69420,62854,0,}
{,94610,62854,0,}
{,62012,62854,0,}
{,70416,62854,0,}
{,62594,62854,0,}
{,117662,62854,0,}
{,59892,62854,0,}
{,82952,62854,0,}
{,69720,62854,0,}
{,47646,62854,0,}
{,88502,114066,0,}
{,114692,114066,0,}
{,101974,114066,0,}
{,115190,114066,0,}
{,103378,114066,0,}
{,113780,114066,0,}
{,75700,114066,0,}
{,51122,114066,0,}
{,105710,114066,0,}
{,114008,114066,0,}
{,104444,114066,0,}
{,109698,114066,0,}
{,115638,114066,0,}
{,44828,114066,0,}
{,61516,114066,0,}
{,116364,114066,0,}
{,113168,114066,0,}
{,82074,114066,0,}
{,115414,114066,0,}
{,112308,114066,0,}
{,55256,114066,0,}
{,85972,114066,0,}
{,113230,114066,0,}
{,51640,114066,0,}
{,55872,114066,0,}
{,93878,114066,0,}
{,114916,114066,0,}
{,61798,114066,0,}
{,96090,114066,0,}
{,87970,114066,0,}
{,84162,114066,0,}
{,89870,114066,0,}
{,49670,114066,0,}
{,59892,114066,0,}
{,82952,114066,0,}
{,82376,114066,0,}
{,69720,114066,0,}
{,46634,114066,0,}
{,47646,114066,0,}
{,45800,114066,0,}
{,49576,89130,0,}
{,95310,89130,0,}
{,88502,89130,0,}
{,44530,89130,0,}
{,114692,89130,0,}
{,101974,89130,0,}
{,115190,89130,0,}
{,108128,89130,0,}
{,87544,89130,0,}
{,110618,89130,0,}
{,44786,89130,0,}
{,113780,89130,0,}
{,84834,89130,0,}
{,105710,89130,0,}
{,101668,89130,0,}
{,108398,89130,0,}
{,111758,89130,0,}
{,54594,89130,0,}
{,114008,89130,0,}
{,104444,89130,0,}
{,109698,89130,0,}
{,106674,89130,0,}
{,112308,89130,0,}
{,55256,89130,0,}
{,85972,89130,0,}
{,97682,89130,0,}
{,107862,89130,0,}
{,112494,89130,0,}
{,80334,89130,0,}
{,67076,89130,0,}
{,90162,89130,0,}
{,116744,89130,0,}
{,77068,89130,0,}
{,69420,89130,0,}
{,94610,89130,0,}
{,62012,89130,0,}
{,99420,89130,0,}
{,60262,89130,0,}
{,79648,89130,0,}
{,96816,89130,0,}
{,99310,99794,0,}
{,97800,89130,0,}
{,48818,89130,0,}
{,45448,89130,0,}
{,102708,89130,0,}
{,61798,89130,0,}
{,96090,89130,0,}
{,87970,89130,0,}
{,84162,89130,0,}
{,96222,89130,0,}
{,116286,89130,0,}
{,109888,89130,0,}
{,70416,89130,0,}
{,62594,89130,0,}
{,117662,89130,0,}
{,59892,89130,0,}
{,82952,89130,0,}
{,82376,89130,0,}
{,69720,89130,0,}
{,46634,89130,0,}
{,45800,89130,0,}
{,114692,90696,0,}
{,111758,90696,0,}
{,54594,90696,0,}
{,114008,90696,0,}
{,104444,90696,0,}
{,82074,90696,0,}
{,115414,90696,0,}
{,65796,90696,0,}
{,88692,90696,0,}
{,86950,90696,0,}
{,67800,90696,0,}
{,70416,90696,0,}
{,59892,90696,0,}
{,82952,90696,0,}
{,69720,90696,0,}
{,88502,118908,0,}
{,114692,118908,0,}
{,101974,118908,0,}
{,115190,118908,0,}
{,103378,118908,0,}
{,113780,118908,0,}
{,75700,118908,0,}
{,51122,118908,0,}
{,105710,118908,0,}
{,114008,118908,0,}
{,104444,118908,0,}
{,109698,118908,0,}
{,115638,118908,0,}
{,44828,118908,0,}
{,61516,118908,0,}
{,116364,118908,0,}
{,113168,118908,0,}
{,74822,118908,0,}
{,82074,118908,0,}
{,115414,118908,0,}
{,112308,118908,0,}
{,55256,118908,0,}
{,85972,118908,0,}
{,113230,118908,0,}
{,51640,118908,0,}
{,55872,118908,0,}
{,93878,118908,0,}
{,114916,118908,0,}
{,61798,118908,0,}
{,96090,118908,0,}
{,87970,118908,0,}
{,84162,118908,0,}
{,89870,118908,0,}
{,49670,118908,0,}
{,59892,118908,0,}
{,82952,118908,0,}
{,82376,118908,0,}
{,69720,118908,0,}
{,46634,118908,0,}
{,47646,118908,0,}
{,45800,118908,0,}
{,81860,101054,0,}
{,89598,101054,0,}
{,88502,101054,0,}
{,114692,101054,0,}
{,103378,101054,0,}
{,113780,101054,0,}
{,75700,101054,0,}
{,51122,101054,0,}
{,105710,101054,0,}
{,114018,101054,0,}
{,110040,101054,0,}
{,116518,101054,0,}
{,113804,101054,0,}
{,70098,101054,0,}
{,114008,101054,0,}
{,104444,101054,0,}
{,109698,101054,0,}
{,115638,101054,0,}
{,44828,101054,0,}
{,61516,101054,0,}
{,116364,101054,0,}
{,113168,101054,0,}
{,74822,101054,0,}
{,44582,101054,0,}
{,88954,101054,0,}
{,89790,101054,0,}
{,82074,101054,0,}
{,115414,101054,0,}
{,113230,101054,0,}
{,51640,101054,0,}
{,55872,101054,0,}
{,93878,101054,0,}
{,114916,101054,0,}
{,65796,101054,0,}
{,88692,101054,0,}
{,86950,101054,0,}
{,67800,101054,0,}
{,61798,101054,0,}
{,96090,101054,0,}
{,87970,101054,0,}
{,84162,101054,0,}
{,89870,101054,0,}
{,59892,101054,0,}
{,82952,101054,0,}
{,82376,101054,0,}
{,69720,101054,0,}
{,46634,101054,0,}
{,47646,101054,0,}
{,45800,101054,0,}
{,88502,44678,0,}
{,114692,44678,0,}
{,101974,44678,0,}
{,115190,44678,0,}
{,103378,44678,0,}
{,113780,44678,0,}
{,75700,44678,0,}
{,51122,44678,0,}
{,105710,44678,0,}
{,114008,44678,0,}
{,104444,44678,0,}
{,109698,44678,0,}
{,115638,44678,0,}
{,44828,44678,0,}
{,61516,44678,0,}
{,82074,44678,0,}
{,115414,44678,0,}
{,112308,44678,0,}
{,55256,44678,0,}
{,85972,44678,0,}
{,113230,44678,0,}
{,51640,44678,0,}
{,55872,44678,0,}
{,93878,44678,0,}
{,114916,44678,0,}
{,61798,44678,0,}
{,96090,44678,0,}
{,87970,44678,0,}
{,84162,44678,0,}
{,89870,44678,0,}
{,49670,44678,0,}
{,59892,44678,0,}
{,82952,44678,0,}
{,82376,44678,0,}
{,69720,44678,0,}
{,46634,44678,0,}
{,47646,44678,0,}
{,45800,44678,0,}
{,49576,75518,0,}
{,95310,75518,0,}
{,87544,75518,0,}
{,110618,75518,0,}
{,60262,75518,0,}
{,79648,75518,0,}
{,96816,75518,0,}
{,99310,75518,0,}
{,97800,75518,0,}
{,48818,75518,0,}
{,44530,69720,0,}
{,101974,69720,0,}
{,115190,69720,0,}
{,103378,69720,0,}
{,108128,69720,0,}
{,84834,69720,0,}
{,112260,69720,0,}
{,51512,69720,0,}
{,75700,69720,0,}
{,51122,69720,0,}
{,49794,69720,0,}
{,101668,69720,0,}
{,108398,69720,0,}
{,113804,69720,0,}
{,70098,69720,0,}
{,115638,69720,0,}
{,44828,69720,0,}
{,61516,69720,0,}
{,106674,69720,0,}
{,82074,69720,0,}
{,115414,69720,0,}
{,112308,69720,0,}
{,55256,69720,0,}
{,85972,69720,0,}
{,113230,69720,0,}
{,51640,69720,0,}
{,55872,69720,0,}
{,93878,69720,0,}
{,114916,69720,0,}
{,65796,69720,0,}
{,88692,69720,0,}
{,86950,69720,0,}
{,67800,69720,0,}
{,69420,69720,0,}
{,99420,69720,0,}
{,96222,69720,0,}
{,116286,69720,0,}
{,109888,69720,0,}
{,89870,69720,0,}
{,49670,69720,0,}
{,117662,69720,0,}
{,59892,69720,0,}
{,82952,69720,0,}
{,82376,69720,0,}
{,69720,69720,0,}
{,89220,69720,0,}
{,47646,69720,0,}
{,45800,69720,0,}
{,49576,118344,0,}
{,95310,118344,0,}
{,87544,118344,0,}
{,110618,118344,0,}
{,60262,118344,0,}
{,79648,118344,0,}
{,96816,118344,0,}
{,99310,118344,0,}
{,97800,118344,0,}
{,48818,118344,0,}
{,45448,118344,0,}
{,101974,118358,0,}
{,115190,118358,0,}
{,103378,118358,0,}
{,111758,118358,0,}
{,54594,118358,0,}
{,112308,118358,0,}
{,55256,118358,0,}
{,85972,118358,0,}
{,113230,118358,0,}
{,51640,118358,0,}
{,55872,118358,0,}
{,93878,118358,0,}
{,114916,118358,0,}
{,65796,118358,0,}
{,88692,118358,0,}
{,86950,118358,0,}
{,67800,118358,0,}
{,70416,118358,0,}
{,49670,118358,0,}
{,46634,118358,0,}
{,47646,118358,0,}
{,81860,109208,0,}
{,89598,109208,0,}
{,88502,109208,0,}
{,101974,109208,0,}
{,115190,109208,0,}
{,103378,109208,0,}
{,113780,109208,0,}
{,84834,109208,0,}
{,116364,109208,0,}
{,113168,109208,0,}
{,74822,109208,0,}
{,44582,109208,0,}
{,88954,109208,0,}
{,82074,109208,0,}
{,115414,109208,0,}
{,112308,109208,0,}
{,55256,109208,0,}
{,85972,109208,0,}
{,51640,109208,0,}
{,55872,109208,0,}
{,93878,109208,0,}
{,114916,109208,0,}
{,61798,109208,0,}
{,96090,109208,0,}
{,87970,109208,0,}
{,84162,109208,0,}
{,96222,109208,0,}
{,116286,109208,0,}
{,109888,109208,0,}
{,49670,109208,0,}
{,82376,109208,0,}
{,46634,109208,0,}
{,47646,109208,0,}
{,45800,109208,0,}
{,111758,73346,0,}
{,54594,73346,0,}
{,65796,73346,0,}
{,88692,73346,0,}
{,86950,73346,0,}
{,67800,73346,0,}
{,112494,73346,0,}
{,80334,73346,0,}
{,70416,73346,0,}
{,59892,73346,0,}
{,82952,73346,0,}
{,69720,73346,0,}
{,49576,48116,0,}
{,95310,48116,0,}
{,88502,48116,0,}
{,44530,48116,0,}
{,114692,48116,0,}
{,101974,48116,0,}
{,115190,48116,0,}
{,108128,48116,0,}
{,87544,48116,0,}
{,110618,48116,0,}
{,44786,48116,0,}
{,113780,48116,0,}
{,84834,48116,0,}
{,105710,48116,0,}
{,101668,48116,0,}
{,108398,48116,0,}
{,111758,48116,0,}
{,54594,48116,0,}
{,114008,48116,0,}
{,104444,48116,0,}
{,109698,48116,0,}
{,106674,48116,0,}
{,112308,48116,0,}
{,55256,48116,0,}
{,85972,48116,0,}
{,97682,48116,0,}
{,107862,48116,0,}
{,112494,48116,0,}
{,80334,48116,0,}
{,67076,48116,0,}
{,90162,48116,0,}
{,116744,48116,0,}
{,77068,48116,0,}
{,69420,48116,0,}
{,94610,48116,0,}
{,62012,48116,0,}
{,99420,48116,0,}
{,60262,48116,0,}
{,79648,48116,0,}
{,96816,48116,0,}
{,99310,48116,0,}
{,97800,48116,0,}
{,48818,48116,0,}
{,45448,48116,0,}
{,102708,48116,0,}
{,61798,48116,0,}
{,96090,48116,0,}
{,87970,48116,0,}
{,84162,48116,0,}
{,96222,48116,0,}
{,116286,48116,0,}
{,109888,48116,0,}
{,70416,48116,0,}
{,62594,48116,0,}
{,117662,48116,0,}
{,59892,48116,0,}
{,82952,48116,0,}
{,82376,48116,0,}
{,69720,48116,0,}
{,46634,48116,0,}
{,45800,48116,0,}
{,101974,72390,0,}
{,49670,72390,0,}
{,49576,108482,0,}
{,95310,108482,0,}
{,87544,108482,0,}
{,110618,108482,0,}
{,60262,108482,0,}
{,79648,108482,0,}
{,96816,108482,0,}
{,99310,108482,0,}
{,97800,108482,0,}
{,81860,84834,0,}
{,89598,84834,0,}
{,88502,84834,0,}
{,114692,84834,0,}
{,103378,84834,0,}
{,113780,84834,0,}
{,75700,84834,0,}
{,51122,84834,0,}
{,105710,84834,0,}
{,114018,84834,0,}
{,110040,84834,0,}
{,116518,84834,0,}
{,113804,84834,0,}
{,70098,84834,0,}
{,114008,84834,0,}
{,104444,84834,0,}
{,109698,84834,0,}
{,115638,84834,0,}
{,44828,84834,0,}
{,61516,84834,0,}
{,116364,84834,0,}
{,113168,84834,0,}
{,74822,84834,0,}
{,44582,84834,0,}
{,88954,84834,0,}
{,89790,84834,0,}
{,104590,84834,0,}
{,82074,84834,0,}
{,115414,84834,0,}
{,113230,84834,0,}
{,51640,84834,0,}
{,55872,84834,0,}
{,93878,84834,0,}
{,114916,84834,0,}
{,65796,84834,0,}
{,88692,84834,0,}
{,86950,84834,0,}
{,67800,84834,0,}
{,61798,84834,0,}
{,96090,84834,0,}
{,87970,84834,0,}
{,84162,84834,0,}
{,89870,84834,0,}
{,59892,84834,0,}
{,82952,84834,0,}
{,82376,84834,0,}
{,69720,84834,0,}
{,46634,84834,0,}
{,47646,84834,0,}
{,45800,84834,0,}
{,44530,115062,0,}
{,101974,115062,0,}
{,115190,115062,0,}
{,103378,115062,0,}
{,108128,115062,0,}
{,84834,115062,0,}
{,101668,115062,0,}
{,108398,115062,0,}
{,113804,115062,0,}
{,70098,115062,0,}
{,115638,115062,0,}
{,44828,115062,0,}
{,61516,115062,0,}
{,106674,115062,0,}
{,112308,115062,0,}
{,55256,115062,0,}
{,85972,115062,0,}
{,51640,115062,0,}
{,55872,115062,0,}
{,93878,115062,0,}
{,114916,115062,0,}
{,69420,115062,0,}
{,99420,115062,0,}
{,96222,115062,0,}
{,116286,115062,0,}
{,109888,115062,0,}
{,49670,115062,0,}
{,117662,115062,0,}
{,82376,115062,0,}
{,47646,115062,0,}
{,45800,115062,0,}
{,115852,117324,0,}
{,96536,117324,0,}
{,107340,117324,0,}
{,83732,117324,0,}
{,113230,117324,0,}
{,97682,117324,0,}
{,107862,117324,0,}
{,96912,117324,0,}
{,83272,117324,0,}
{,65796,117324,0,}
{,88692,117324,0,}
{,49670,117324,0,}
{,78384,117324,0,}
{,108128,103312,0,}
{,84834,103312,0,}
{,75700,103312,0,}
{,51122,103312,0,}
{,105710,103312,0,}
{,106674,103312,0,}
{,99420,103312,0,}
{,96222,103312,0,}
{,116286,103312,0,}
{,109888,103312,0,}
{,89870,103312,0,}
{,59892,103312,0,}
{,82952,103312,0,}
{,69720,103312,0,}
{,49576,115836,0,}
{,95310,115836,0,}
{,44530,115836,0,}
{,114692,115836,0,}
{,115852,115836,0,}
{,96536,115836,0,}
{,87544,115836,0,}
{,110618,115836,0,}
{,44786,115836,0,}
{,105710,115836,0,}
{,101668,115836,0,}
{,108398,115836,0,}
{,111758,115836,0,}
{,54594,115836,0,}
{,114008,115836,0,}
{,104444,115836,0,}
{,109698,115836,0,}
{,107340,115836,0,}
{,83732,115836,0,}
{,112494,115836,0,}
{,80334,115836,0,}
{,67076,115836,0,}
{,90162,115836,0,}
{,116744,115836,0,}
{,77068,115836,0,}
{,69420,115836,0,}
{,94610,115836,0,}
{,62012,115836,0,}
{,60262,115836,0,}
{,79648,115836,0,}
{,96816,115836,0,}
{,99310,115836,0,}
{,97800,115836,0,}
{,48818,115836,0,}
{,45448,115836,0,}
{,102708,115836,0,}
{,70416,115836,0,}
{,62594,115836,0,}
{,117662,115836,0,}
{,59892,115836,0,}
{,82952,115836,0,}
{,69720,115836,0,}
{,46634,115836,0,}
{,97552,103322,0,}
{,86440,103322,0,}
{,116312,103322,0,}
{,106130,103322,0,}
{,42956,103322,0,}
{,42888,103322,0,}
{,114692,103322,0,}
{,101974,103322,0,}
{,115190,103322,0,}
{,103378,103322,0,}
{,105038,103322,0,}
{,106316,103322,0,}
{,80286,103322,0,}
{,55170,103322,0,}
{,107466,103322,0,}
{,111758,103322,0,}
{,54594,103322,0,}
{,114008,103322,0,}
{,104444,103322,0,}
{,109698,103322,0,}
{,82074,103322,0,}
{,115414,103322,0,}
{,112308,103322,0,}
{,55256,103322,0,}
{,85972,103322,0,}
{,44742,103322,0,}
{,113230,103322,0,}
{,51640,103322,0,}
{,55872,103322,0,}
{,93878,103322,0,}
{,114916,103322,0,}
{,65796,103322,0,}
{,88692,103322,0,}
{,86950,103322,0,}
{,67800,103322,0,}
{,67076,103322,0,}
{,90162,103322,0,}
{,116744,103322,0,}
{,77068,103322,0,}
{,70416,103322,0,}
{,62594,103322,0,}
{,49670,103322,0,}
{,59892,103322,0,}
{,82952,103322,0,}
{,69720,103322,0,}
{,46634,103322,0,}
{,47646,103322,0,}
{,44530,78050,0,}
{,84834,78050,0,}
{,75700,78050,0,}
{,51122,78050,0,}
{,114018,78050,0,}
{,110040,78050,0,}
{,116518,78050,0,}
{,101668,78050,0,}
{,69420,78050,0,}
{,96222,78050,0,}
{,116286,78050,0,}
{,109888,78050,0,}
{,89870,78050,0,}
{,117662,78050,0,}
{,59892,78050,0,}
{,82952,78050,0,}
{,69720,78050,0,}
{,49576,88108,0,}
{,95310,88108,0,}
{,115852,88108,0,}
{,96536,88108,0,}
{,87544,88108,0,}
{,110618,88108,0,}
{,107340,88108,0,}
{,83732,88108,0,}
{,60262,88108,0,}
{,79648,88108,0,}
{,96816,88108,0,}
{,99310,88108,0,}
{,97800,88108,0,}
{,48818,88108,0,}
{,45448,88108,0,}
{,49670,88108,0,}
{,78384,88108,0,}
{,49576,75104,0,}
{,95310,75104,0,}
{,88502,75104,0,}
{,44530,75104,0,}
{,101974,75104,0,}
{,115190,75104,0,}
{,103378,75104,0,}
{,108128,75104,0,}
{,87544,75104,0,}
{,110618,75104,0,}
{,113780,75104,0,}
{,84834,75104,0,}
{,112260,75104,0,}
{,51512,75104,0,}
{,101668,75104,0,}
{,108398,75104,0,}
{,106674,75104,0,}
{,112308,75104,0,}
{,55256,75104,0,}
{,85972,75104,0,}
{,51640,75104,0,}
{,55872,75104,0,}
{,93878,75104,0,}
{,114916,75104,0,}
{,67076,75104,0,}
{,90162,75104,0,}
{,116744,75104,0,}
{,77068,75104,0,}
{,69420,75104,0,}
{,94610,75104,0,}
{,62012,75104,0,}
{,99420,75104,0,}
{,60262,75104,0,}
{,79648,75104,0,}
{,96816,75104,0,}
{,99310,75104,0,}
{,97800,75104,0,}
{,48818,75104,0,}
{,45448,75104,0,}
{,61798,75104,0,}
{,96090,75104,0,}
{,87970,75104,0,}
{,84162,75104,0,}
{,96222,75104,0,}
{,116286,75104,0,}
{,109888,75104,0,}
{,62594,75104,0,}
{,49670,75104,0,}
{,117662,75104,0,}
{,82376,75104,0,}
{,47646,75104,0,}
{,45800,75104,0,}
{,88502,50726,0,}
{,44530,50726,0,}
{,114692,50726,0,}
{,101974,50726,0,}
{,115190,50726,0,}
{,103378,50726,0,}
{,108128,50726,0,}
{,113780,50726,0,}
{,84834,50726,0,}
{,75700,50726,0,}
{,51122,50726,0,}
{,105710,50726,0,}
{,101668,50726,0,}
{,108398,50726,0,}
{,114008,50726,0,}
{,104444,50726,0,}
{,109698,50726,0,}
{,115638,50726,0,}
{,44828,50726,0,}
{,61516,50726,0,}
{,106674,50726,0,}
{,82074,50726,0,}
{,115414,50726,0,}
{,112308,50726,0,}
{,55256,50726,0,}
{,85972,50726,0,}
{,113230,50726,0,}
{,51640,50726,0,}
{,55872,50726,0,}
{,93878,50726,0,}
{,114916,50726,0,}
{,65796,50726,0,}
{,88692,50726,0,}
{,86950,50726,0,}
{,67800,50726,0,}
{,69420,50726,0,}
{,94610,50726,0,}
{,99420,50726,0,}
{,61798,50726,0,}
{,96090,50726,0,}
{,87970,50726,0,}
{,84162,50726,0,}
{,96222,50726,0,}
{,116286,50726,0,}
{,109888,50726,0,}
{,89870,50726,0,}
{,49670,50726,0,}
{,117662,50726,0,}
{,59892,50726,0,}
{,82952,50726,0,}
{,82376,50726,0,}
{,69720,50726,0,}
{,46634,50726,0,}
{,47646,50726,0,}
{,45800,50726,0,}
{,49576,69082,0,}
{,95310,69082,0,}
{,44530,69082,0,}
{,114692,69082,0,}
{,87544,69082,0,}
{,110618,69082,0,}
{,44786,69082,0,}
{,105710,69082,0,}
{,101668,69082,0,}
{,108398,69082,0,}
{,111758,69082,0,}
{,54594,69082,0,}
{,114008,69082,0,}
{,104444,69082,0,}
{,109698,69082,0,}
{,107340,69082,0,}
{,112494,69082,0,}
{,80334,69082,0,}
{,67076,69082,0,}
{,90162,69082,0,}
{,116744,69082,0,}
{,77068,69082,0,}
{,69420,69082,0,}
{,94610,69082,0,}
{,62012,69082,0,}
{,60262,69082,0,}
{,79648,69082,0,}
{,96816,69082,0,}
{,99310,69082,0,}
{,97800,69082,0,}
{,48818,69082,0,}
{,45448,69082,0,}
{,102708,69082,0,}
{,70416,69082,0,}
{,62594,69082,0,}
{,117662,69082,0,}
{,59892,69082,0,}
{,82952,69082,0,}
{,69720,69082,0,}
{,46634,69082,0,}
{,115852,79374,0,}
{,96536,79374,0,}
{,107340,79374,0,}
{,83732,79374,0,}
{,113230,79374,0,}
{,97682,79374,0,}
{,107862,79374,0,}
{,96912,79374,0,}
{,83272,79374,0,}
{,65796,79374,0,}
{,88692,79374,0,}
{,86950,79374,0,}
{,49670,79374,0,}
{,78384,79374,0,}
{,84834,111954,0,}
{,96222,111954,0,}
{,44530,55070,0,}
{,108128,55070,0,}
{,84834,55070,0,}
{,49794,55070,0,}
{,101668,55070,0,}
{,108398,55070,0,}
{,111758,55070,0,}
{,106674,55070,0,}
{,69420,55070,0,}
{,99420,55070,0,}
{,96222,55070,0,}
{,116286,55070,0,}
{,109888,55070,0,}
{,117662,55070,0,}
{,59892,55070,0,}
{,82952,55070,0,}
{,69720,55070,0,}
{,49576,102032,0,}
{,95310,102032,0,}
{,44530,102032,0,}
{,114692,102032,0,}
{,87544,102032,0,}
{,110618,102032,0,}
{,44786,102032,0,}
{,105710,102032,0,}
{,101668,102032,0,}
{,108398,102032,0,}
{,111758,102032,0,}
{,54594,102032,0,}
{,114008,102032,0,}
{,104444,102032,0,}
{,109698,102032,0,}
{,107340,102032,0,}
{,83732,102032,0,}
{,112494,102032,0,}
{,80334,102032,0,}
{,67076,102032,0,}
{,90162,102032,0,}
{,116744,102032,0,}
{,77068,102032,0,}
{,69420,102032,0,}
{,94610,102032,0,}
{,62012,102032,0,}
{,60262,102032,0,}
{,79648,102032,0,}
{,96816,102032,0,}
{,99310,102032,0,}
{,97800,102032,0,}
{,48818,102032,0,}
{,45448,102032,0,}
{,102708,102032,0,}
{,70416,102032,0,}
{,62594,102032,0,}
{,117662,102032,0,}
{,59892,102032,0,}
{,82952,102032,0,}
{,69720,102032,0,}
{,46634,102032,0,}
{,49576,97994,0,}
{,95310,97994,0,}
{,87544,97994,0,}
{,60262,97994,0,}
{,79648,97994,0,}
{,96816,97994,0,}
{,99310,97994,0,}
{,88502,45474,0,}
{,103378,45474,0,}
{,113780,45474,0,}
{,75700,45474,0,}
{,51122,45474,0,}
{,105710,45474,0,}
{,114018,45474,0,}
{,113804,45474,0,}
{,70098,45474,0,}
{,51640,45474,0,}
{,55872,45474,0,}
{,93878,45474,0,}
{,114916,45474,0,}
{,65796,45474,0,}
{,88692,45474,0,}
{,86950,45474,0,}
{,67800,45474,0,}
{,61798,45474,0,}
{,96090,45474,0,}
{,87970,45474,0,}
{,84162,45474,0,}
{,89870,45474,0,}
{,49670,45474,0,}
{,59892,45474,0,}
{,82952,45474,0,}
{,82376,45474,0,}
{,69720,45474,0,}
{,46634,45474,0,}
{,47646,45474,0,}
{,45800,45474,0,}
{,49576,119230,0,}
{,87544,119230,0,}
{,88502,105252,0,}
{,103378,105252,0,}
{,113780,105252,0,}
{,112260,105252,0,}
{,51512,105252,0,}
{,82074,105252,0,}
{,115414,105252,0,}
{,113230,105252,0,}
{,51640,105252,0,}
{,55872,105252,0,}
{,93878,105252,0,}
{,114916,105252,0,}
{,65796,105252,0,}
{,88692,105252,0,}
{,86950,105252,0,}
{,67800,105252,0,}
{,61798,105252,0,}
{,96090,105252,0,}
{,87970,105252,0,}
{,84162,105252,0,}
{,49670,105252,0,}
{,82376,105252,0,}
{,89220,105252,0,}
{,47646,105252,0,}
{,45800,105252,0,}
{,101974,47988,0,}
{,115190,47988,0,}
{,112308,47988,0,}
{,55256,47988,0,}
{,49670,47988,0,}
{,81860,58982,0,}
{,89598,58982,0,}
{,88502,58982,0,}
{,114692,58982,0,}
{,101974,58982,0,}
{,115190,58982,0,}
{,103378,58982,0,}
{,113780,58982,0,}
{,75700,58982,0,}
{,51122,58982,0,}
{,105710,58982,0,}
{,114008,58982,0,}
{,104444,58982,0,}
{,109698,58982,0,}
{,115638,58982,0,}
{,44828,58982,0,}
{,61516,58982,0,}
{,116364,58982,0,}
{,113168,58982,0,}
{,74822,58982,0,}
{,44582,58982,0,}
{,82074,58982,0,}
{,115414,58982,0,}
{,112308,58982,0,}
{,55256,58982,0,}
{,85972,58982,0,}
{,113230,58982,0,}
{,51640,58982,0,}
{,55872,58982,0,}
{,93878,58982,0,}
{,114916,58982,0,}
{,61798,58982,0,}
{,96090,58982,0,}
{,87970,58982,0,}
{,84162,58982,0,}
{,89870,58982,0,}
{,49670,58982,0,}
{,59892,58982,0,}
{,82952,58982,0,}
{,82376,58982,0,}
{,69720,58982,0,}
{,46634,58982,0,}
{,47646,58982,0,}
{,45800,58982,0,}
{,49576,81572,0,}
{,95310,81572,0,}
{,87544,81572,0,}
{,60262,81572,0,}
{,79648,81572,0,}
{,96816,81572,0,}
{,99310,81572,0,}
{,44530,113410,0,}
{,114692,113410,0,}
{,103378,113410,0,}
{,108128,113410,0,}
{,84834,113410,0,}
{,101668,113410,0,}
{,108398,113410,0,}
{,111758,113410,0,}
{,54594,113410,0,}
{,114008,113410,0,}
{,104444,113410,0,}
{,109698,113410,0,}
{,106674,113410,0,}
{,113230,113410,0,}
{,51640,113410,0,}
{,55872,113410,0,}
{,93878,113410,0,}
{,114916,113410,0,}
{,65796,113410,0,}
{,88692,113410,0,}
{,86950,113410,0,}
{,67800,113410,0,}
{,112494,113410,0,}
{,80334,113410,0,}
{,69420,113410,0,}
{,94610,113410,0,}
{,62012,113410,0,}
{,99420,113410,0,}
{,96222,113410,0,}
{,116286,113410,0,}
{,109888,113410,0,}
{,70416,113410,0,}
{,49670,113410,0,}
{,117662,113410,0,}
{,59892,113410,0,}
{,82952,113410,0,}
{,46634,113410,0,}
{,47646,113410,0,}
{,111758,54578,0,}
{,54594,54578,0,}
{,82074,54578,0,}
{,115414,54578,0,}
{,65796,54578,0,}
{,88692,54578,0,}
{,86950,54578,0,}
{,67800,54578,0,}
{,70416,54578,0,}
{,59892,54578,0,}
{,82952,54578,0,}
{,69720,54578,0,}
{,49576,89220,0,}
{,95310,89220,0,}
{,88502,89220,0,}
{,44530,89220,0,}
{,101974,89220,0,}
{,115190,89220,0,}
{,103378,89220,0,}
{,108128,89220,0,}
{,87544,89220,0,}
{,110618,89220,0,}
{,44786,89220,0,}
{,113780,89220,0,}
{,84834,89220,0,}
{,101668,89220,0,}
{,108398,89220,0,}
{,106674,89220,0,}
{,112308,89220,0,}
{,55256,89220,0,}
{,85972,89220,0,}
{,113230,89220,0,}
{,51640,89220,0,}
{,55872,89220,0,}
{,93878,89220,0,}
{,114916,89220,0,}
{,69420,89220,0,}
{,94610,89220,0,}
{,62012,89220,0,}
{,99420,89220,0,}
{,60262,89220,0,}
{,79648,89220,0,}
{,96816,89220,0,}
{,99310,89220,0,}
{,97800,89220,0,}
{,48818,89220,0,}
{,45448,89220,0,}
{,102708,89220,0,}
{,61798,89220,0,}
{,96090,89220,0,}
{,87970,89220,0,}
{,84162,89220,0,}
{,96222,89220,0,}
{,116286,89220,0,}
{,109888,89220,0,}
{,49670,89220,0,}
{,117662,89220,0,}
{,82376,89220,0,}
{,47646,89220,0,}
{,45800,89220,0,}
{,49576,83262,0,}
{,95310,83262,0,}
{,88502,83262,0,}
{,44530,83262,0,}
{,114692,83262,0,}
{,101974,83262,0,}
{,115190,83262,0,}
{,108128,83262,0,}
{,87544,83262,0,}
{,110618,83262,0,}
{,44786,83262,0,}
{,113780,83262,0,}
{,84834,83262,0,}
{,105710,83262,0,}
{,101668,83262,0,}
{,108398,83262,0,}
{,111758,83262,0,}
{,54594,83262,0,}
{,114008,83262,0,}
{,104444,83262,0,}
{,109698,83262,0,}
{,106674,83262,0,}
{,112308,83262,0,}
{,55256,83262,0,}
{,85972,83262,0,}
{,97682,83262,0,}
{,107862,83262,0,}
{,96912,83262,0,}
{,112494,83262,0,}
{,80334,83262,0,}
{,67076,83262,0,}
{,90162,83262,0,}
{,116744,83262,0,}
{,77068,83262,0,}
{,69420,83262,0,}
{,94610,83262,0,}
{,62012,83262,0,}
{,99420,83262,0,}
{,60262,83262,0,}
{,79648,83262,0,}
{,96816,83262,0,}
{,99310,83262,0,}
{,97800,83262,0,}
{,48818,83262,0,}
{,45448,83262,0,}
{,102708,83262,0,}
{,61798,83262,0,}
{,96090,83262,0,}
{,87970,83262,0,}
{,84162,83262,0,}
{,96222,83262,0,}
{,116286,83262,0,}
{,109888,83262,0,}
{,70416,83262,0,}
{,62594,83262,0,}
{,117662,83262,0,}
{,59892,83262,0,}
{,82952,83262,0,}
{,82376,83262,0,}
{,69720,83262,0,}
{,46634,83262,0,}
{,45800,83262,0,}
{,114692,116256,0,}
{,111758,116256,0,}
{,54594,116256,0,}
{,114008,116256,0,}
{,82074,116256,0,}
{,115414,116256,0,}
{,65796,116256,0,}
{,88692,116256,0,}
{,86950,116256,0,}
{,67800,116256,0,}
{,70416,116256,0,}
{,59892,116256,0,}
{,82952,116256,0,}
{,69720,116256,0,}
{,81860,84888,0,}
{,89598,84888,0,}
{,88502,84888,0,}
{,101974,84888,0,}
{,115190,84888,0,}
{,103378,84888,0,}
{,113780,84888,0,}
{,84834,84888,0,}
{,116364,84888,0,}
{,113168,84888,0,}
{,74822,84888,0,}
{,44582,84888,0,}
{,88954,84888,0,}
{,106674,84888,0,}
{,82074,84888,0,}
{,115414,84888,0,}
{,112308,84888,0,}
{,55256,84888,0,}
{,85972,84888,0,}
{,51640,84888,0,}
{,55872,84888,0,}
{,93878,84888,0,}
{,114916,84888,0,}
{,61798,84888,0,}
{,96090,84888,0,}
{,87970,84888,0,}
{,84162,84888,0,}
{,96222,84888,0,}
{,116286,84888,0,}
{,109888,84888,0,}
{,49670,84888,0,}
{,82376,84888,0,}
{,46634,84888,0,}
{,47646,84888,0,}
{,45800,84888,0,}
{,49576,54562,0,}
{,95310,54562,0,}
{,88502,54562,0,}
{,114692,54562,0,}
{,101974,54562,0,}
{,115190,54562,0,}
{,103378,54562,0,}
{,87544,54562,0,}
{,110618,54562,0,}
{,113780,54562,0,}
{,114008,54562,0,}
{,104444,54562,0,}
{,109698,54562,0,}
{,115638,54562,0,}
{,82074,54562,0,}
{,115414,54562,0,}
{,112308,54562,0,}
{,55256,54562,0,}
{,85972,54562,0,}
{,113230,54562,0,}
{,51640,54562,0,}
{,55872,54562,0,}
{,93878,54562,0,}
{,114916,54562,0,}
{,65796,54562,0,}
{,88692,54562,0,}
{,86950,54562,0,}
{,67800,54562,0,}
{,60262,54562,0,}
{,79648,54562,0,}
{,96816,54562,0,}
{,99310,54562,0,}
{,97800,54562,0,}
{,48818,54562,0,}
{,45448,54562,0,}
{,61798,54562,0,}
{,96090,54562,0,}
{,87970,54562,0,}
{,84162,54562,0,}
{,49670,54562,0,}
{,82376,54562,0,}
{,46634,54562,0,}
{,47646,54562,0,}
{,45800,54562,0,}
{,49576,51714,0,}
{,95310,51714,0,}
{,88502,51714,0,}
{,44530,51714,0,}
{,101974,51714,0,}
{,115190,51714,0,}
{,103378,51714,0,}
{,108128,51714,0,}
{,87544,51714,0,}
{,110618,51714,0,}
{,113780,51714,0,}
{,84834,51714,0,}
{,112260,51714,0,}
{,51512,51714,0,}
{,101668,51714,0,}
{,108398,51714,0,}
{,106674,51714,0,}
{,112308,51714,0,}
{,55256,51714,0,}
{,85972,51714,0,}
{,51640,51714,0,}
{,55872,51714,0,}
{,93878,51714,0,}
{,114916,51714,0,}
{,67076,51714,0,}
{,90162,51714,0,}
{,116744,51714,0,}
{,77068,51714,0,}
{,69420,51714,0,}
{,94610,51714,0,}
{,62012,51714,0,}
{,99420,51714,0,}
{,60262,51714,0,}
{,79648,51714,0,}
{,96816,51714,0,}
{,99310,51714,0,}
{,97800,51714,0,}
{,48818,51714,0,}
{,45448,51714,0,}
{,61798,51714,0,}
{,96090,51714,0,}
{,87970,51714,0,}
{,84162,51714,0,}
{,96222,51714,0,}
{,116286,51714,0,}
{,109888,51714,0,}
{,62594,51714,0,}
{,49670,51714,0,}
{,117662,51714,0,}
{,82376,51714,0,}
{,47646,51714,0,}
{,45800,51714,0,}
{,44530,48930,0,}
{,84834,48930,0,}
{,75700,48930,0,}
{,51122,48930,0,}
{,114018,48930,0,}
{,110040,48930,0,}
{,116518,48930,0,}
{,101668,48930,0,}
{,69420,48930,0,}
{,96222,48930,0,}
{,116286,48930,0,}
{,109888,48930,0,}
{,89870,48930,0,}
{,59892,48930,0,}
{,82952,48930,0,}
{,69720,48930,0,}
{,81860,113440,0,}
{,89598,113440,0,}
{,88502,113440,0,}
{,114692,113440,0,}
{,103378,113440,0,}
{,113780,113440,0,}
{,75700,113440,0,}
{,51122,113440,0,}
{,105710,113440,0,}
{,114018,113440,0,}
{,110040,113440,0,}
{,116518,113440,0,}
{,113804,113440,0,}
{,70098,113440,0,}
{,114008,113440,0,}
{,104444,113440,0,}
{,109698,113440,0,}
{,115638,113440,0,}
{,44828,113440,0,}
{,61516,113440,0,}
{,116364,113440,0,}
{,113168,113440,0,}
{,74822,113440,0,}
{,44582,113440,0,}
{,88954,113440,0,}
{,89790,113440,0,}
{,104590,113440,0,}
{,82074,113440,0,}
{,115414,113440,0,}
{,113230,113440,0,}
{,51640,113440,0,}
{,55872,113440,0,}
{,93878,113440,0,}
{,114916,113440,0,}
{,65796,113440,0,}
{,88692,113440,0,}
{,86950,113440,0,}
{,67800,113440,0,}
{,61798,113440,0,}
{,96090,113440,0,}
{,87970,113440,0,}
{,84162,113440,0,}
{,89870,113440,0,}
{,59892,113440,0,}
{,82952,113440,0,}
{,82376,113440,0,}
{,69720,113440,0,}
{,46634,113440,0,}
{,47646,113440,0,}
{,45800,113440,0,}
{,88502,97534,0,}
{,103378,97534,0,}
{,113780,97534,0,}
{,75700,97534,0,}
{,51122,97534,0,}
{,105710,97534,0,}
{,114018,97534,0,}
{,110040,97534,0,}
{,113804,97534,0,}
{,70098,97534,0,}
{,51640,97534,0,}
{,55872,97534,0,}
{,93878,97534,0,}
{,114916,97534,0,}
{,65796,97534,0,}
{,88692,97534,0,}
{,86950,97534,0,}
{,67800,97534,0,}
{,61798,97534,0,}
{,96090,97534,0,}
{,87970,97534,0,}
{,84162,97534,0,}
{,89870,97534,0,}
{,49670,97534,0,}
{,59892,97534,0,}
{,82952,97534,0,}
{,82376,97534,0,}
{,69720,97534,0,}
{,46634,97534,0,}
{,47646,97534,0,}
{,45800,97534,0,}
{,49576,96614,0,}
{,95310,96614,0,}
{,44530,96614,0,}
{,114692,96614,0,}
{,115852,96614,0,}
{,96536,96614,0,}
{,87544,96614,0,}
{,110618,96614,0,}
{,44786,96614,0,}
{,105710,96614,0,}
{,101668,96614,0,}
{,108398,96614,0,}
{,111758,96614,0,}
{,54594,96614,0,}
{,114008,96614,0,}
{,104444,96614,0,}
{,109698,96614,0,}
{,107340,96614,0,}
{,83732,96614,0,}
{,112494,96614,0,}
{,80334,96614,0,}
{,67076,96614,0,}
{,90162,96614,0,}
{,116744,96614,0,}
{,77068,96614,0,}
{,69420,96614,0,}
{,94610,96614,0,}
{,62012,96614,0,}
{,60262,96614,0,}
{,79648,96614,0,}
{,96816,96614,0,}
{,99310,96614,0,}
{,97800,96614,0,}
{,48818,96614,0,}
{,45448,96614,0,}
{,102708,96614,0,}
{,70416,96614,0,}
{,62594,96614,0,}
{,117662,96614,0,}
{,59892,96614,0,}
{,82952,96614,0,}
{,69720,96614,0,}
{,46634,96614,0,}
{,49576,70384,0,}
{,95310,70384,0,}
{,88502,70384,0,}
{,114692,70384,0,}
{,101974,70384,0,}
{,115190,70384,0,}
{,103378,70384,0,}
{,87544,70384,0,}
{,110618,70384,0,}
{,113780,70384,0,}
{,114008,70384,0,}
{,104444,70384,0,}
{,109698,70384,0,}
{,82074,70384,0,}
{,115414,70384,0,}
{,112308,70384,0,}
{,55256,70384,0,}
{,85972,70384,0,}
{,113230,70384,0,}
{,51640,70384,0,}
{,55872,70384,0,}
{,93878,70384,0,}
{,114916,70384,0,}
{,65796,70384,0,}
{,88692,70384,0,}
{,86950,70384,0,}
{,67800,70384,0,}
{,60262,70384,0,}
{,79648,70384,0,}
{,96816,70384,0,}
{,99310,70384,0,}
{,97800,70384,0,}
{,48818,70384,0,}
{,45448,70384,0,}
{,61798,70384,0,}
{,96090,70384,0,}
{,87970,70384,0,}
{,84162,70384,0,}
{,49670,70384,0,}
{,82376,70384,0,}
{,46634,70384,0,}
{,47646,70384,0,}
{,45800,70384,0,}
{,49576,88182,0,}
{,95310,88182,0,}
{,44530,88182,0,}
{,114692,88182,0,}
{,115852,88182,0,}
{,96536,88182,0,}
{,87544,88182,0,}
{,110618,88182,0,}
{,44786,88182,0,}
{,105710,88182,0,}
{,101668,88182,0,}
{,108398,88182,0,}
{,111758,88182,0,}
{,54594,88182,0,}
{,114008,88182,0,}
{,104444,88182,0,}
{,109698,88182,0,}
{,107340,88182,0,}
{,83732,88182,0,}
{,112494,88182,0,}
{,80334,88182,0,}
{,67076,88182,0,}
{,90162,88182,0,}
{,116744,88182,0,}
{,77068,88182,0,}
{,69420,88182,0,}
{,94610,88182,0,}
{,62012,88182,0,}
{,60262,88182,0,}
{,79648,88182,0,}
{,96816,88182,0,}
{,99310,88182,0,}
{,97800,88182,0,}
{,48818,88182,0,}
{,45448,88182,0,}
{,102708,88182,0,}
{,70416,88182,0,}
{,62594,88182,0,}
{,117662,88182,0,}
{,59892,88182,0,}
{,82952,88182,0,}
{,69720,88182,0,}
{,46634,88182,0,}
{,101974,107798,0,}
{,112308,107798,0,}
{,49670,107798,0,}
{,49576,108132,0,}
{,95310,108132,0,}
{,88502,108132,0,}
{,44530,108132,0,}
{,101974,108132,0,}
{,115190,108132,0,}
{,103378,108132,0,}
{,108128,108132,0,}
{,87544,108132,0,}
{,110618,108132,0,}
{,113780,108132,0,}
{,84834,108132,0,}
{,112260,108132,0,}
{,101668,108132,0,}
{,108398,108132,0,}
{,106674,108132,0,}
{,112308,108132,0,}
{,55256,108132,0,}
{,85972,108132,0,}
{,51640,108132,0,}
{,55872,108132,0,}
{,93878,108132,0,}
{,114916,108132,0,}
{,67076,108132,0,}
{,90162,108132,0,}
{,116744,108132,0,}
{,77068,108132,0,}
{,69420,108132,0,}
{,94610,108132,0,}
{,62012,108132,0,}
{,99420,108132,0,}
{,60262,108132,0,}
{,79648,108132,0,}
{,96816,108132,0,}
{,99310,108132,0,}
{,97800,108132,0,}
{,48818,108132,0,}
{,45448,108132,0,}
{,61798,108132,0,}
{,96090,108132,0,}
{,87970,108132,0,}
{,84162,108132,0,}
{,96222,108132,0,}
{,116286,108132,0,}
{,109888,108132,0,}
{,62594,108132,0,}
{,49670,108132,0,}
{,117662,108132,0,}
{,82376,108132,0,}
{,47646,108132,0,}
{,45800,108132,0,}
{,49576,110282,0,}
{,95310,110282,0,}
{,88502,110282,0,}
{,114692,110282,0,}
{,101974,110282,0,}
{,115190,110282,0,}
{,103378,110282,0,}
{,87544,110282,0,}
{,110618,110282,0,}
{,113780,110282,0,}
{,114008,110282,0,}
{,104444,110282,0,}
{,109698,110282,0,}
{,82074,110282,0,}
{,115414,110282,0,}
{,112308,110282,0,}
{,55256,110282,0,}
{,85972,110282,0,}
{,113230,110282,0,}
{,51640,110282,0,}
{,55872,110282,0,}
{,93878,110282,0,}
{,114916,110282,0,}
{,65796,110282,0,}
{,88692,110282,0,}
{,86950,110282,0,}
{,67800,110282,0,}
{,60262,110282,0,}
{,79648,110282,0,}
{,96816,110282,0,}
{,99310,110282,0,}
{,97800,110282,0,}
{,48818,110282,0,}
{,45448,110282,0,}
{,61798,110282,0,}
{,96090,110282,0,}
{,87970,110282,0,}
{,84162,110282,0,}
{,49670,110282,0,}
{,82376,110282,0,}
{,46634,110282,0,}
{,47646,110282,0,}
{,45800,110282,0,}
{,84834,104040,0,}
{,96222,104040,0,}
{,116286,104040,0,}
{,44530,42696,0,}
{,108128,42696,0,}
{,84834,42696,0,}
{,101668,42696,0,}
{,108398,42696,0,}
{,106674,42696,0,}
{,67076,42696,0,}
{,90162,42696,0,}
{,69420,42696,0,}
{,94610,42696,0,}
{,62012,42696,0,}
{,99420,42696,0,}
{,96222,42696,0,}
{,116286,42696,0,}
{,109888,42696,0,}
{,117662,42696,0,}
{,59892,42696,0,}
{,82952,42696,0,}
{,44530,77766,0,}
{,108128,77766,0,}
{,84834,77766,0,}
{,105710,77766,0,}
{,101668,77766,0,}
{,108398,77766,0,}
{,106674,77766,0,}
{,67076,77766,0,}
{,69420,77766,0,}
{,94610,77766,0,}
{,62012,77766,0,}
{,99420,77766,0,}
{,96222,77766,0,}
{,116286,77766,0,}
{,109888,77766,0,}
{,117662,77766,0,}
{,59892,77766,0,}
{,82952,77766,0,}
{,69720,77766,0,}
{,115852,109990,0,}
{,96536,109990,0,}
{,74626,109990,0,}
{,69962,109990,0,}
{,65342,109990,0,}
{,107340,109990,0,}
{,83732,109990,0,}
{,113230,109990,0,}
{,51640,109990,0,}
{,49670,109990,0,}
{,78384,109990,0,}
{,49576,98142,0,}
{,95310,98142,0,}
{,88502,98142,0,}
{,44530,98142,0,}
{,114692,98142,0,}
{,101974,98142,0,}
{,115190,98142,0,}
{,108128,98142,0,}
{,87544,98142,0,}
{,110618,98142,0,}
{,44786,98142,0,}
{,113780,98142,0,}
{,84834,98142,0,}
{,105710,98142,0,}
{,101668,98142,0,}
{,108398,98142,0,}
{,111758,98142,0,}
{,54594,98142,0,}
{,114008,98142,0,}
{,104444,98142,0,}
{,109698,98142,0,}
{,106674,98142,0,}
{,112308,98142,0,}
{,55256,98142,0,}
{,85972,98142,0,}
{,112494,98142,0,}
{,80334,98142,0,}
{,67076,98142,0,}
{,90162,98142,0,}
{,116744,98142,0,}
{,77068,98142,0,}
{,69420,98142,0,}
{,94610,98142,0,}
{,62012,98142,0,}
{,99420,98142,0,}
{,60262,98142,0,}
{,79648,98142,0,}
{,96816,98142,0,}
{,99310,98142,0,}
{,97800,98142,0,}
{,48818,98142,0,}
{,45448,98142,0,}
{,102708,98142,0,}
{,61798,98142,0,}
{,96090,98142,0,}
{,87970,98142,0,}
{,84162,98142,0,}
{,96222,98142,0,}
{,116286,98142,0,}
{,109888,98142,0,}
{,70416,98142,0,}
{,62594,98142,0,}
{,117662,98142,0,}
{,59892,98142,0,}
{,82952,98142,0,}
{,82376,98142,0,}
{,69720,98142,0,}
{,46634,98142,0,}
{,45800,98142,0,}
{,44530,89396,0,}
{,108128,89396,0,}
{,84834,89396,0,}
{,49794,89396,0,}
{,101668,89396,0,}
{,108398,89396,0,}
{,106674,89396,0,}
{,69420,89396,0,}
{,99420,89396,0,}
{,96222,89396,0,}
{,116286,89396,0,}
{,109888,89396,0,}
{,117662,89396,0,}
{,59892,89396,0,}
{,82952,89396,0,}
{,69720,89396,0,}
{,115852,88806,0,}
{,96536,88806,0,}
{,107340,88806,0,}
{,83732,88806,0,}
{,113230,88806,0,}
{,97682,88806,0,}
{,107862,88806,0,}
{,96912,88806,0,}
{,83272,88806,0,}
{,65796,88806,0,}
{,49670,88806,0,}
{,78384,88806,0,}
{,49576,102510,0,}
{,95310,102510,0,}
{,88502,102510,0,}
{,44530,102510,0,}
{,108128,102510,0,}
{,87544,102510,0,}
{,110618,102510,0,}
{,113780,102510,0,}
{,84834,102510,0,}
{,112260,102510,0,}
{,51512,102510,0,}
{,101668,102510,0,}
{,108398,102510,0,}
{,111758,102510,0,}
{,54594,102510,0,}
{,106674,102510,0,}
{,112494,102510,0,}
{,67076,102510,0,}
{,90162,102510,0,}
{,116744,102510,0,}
{,77068,102510,0,}
{,69420,102510,0,}
{,94610,102510,0,}
{,62012,102510,0,}
{,99420,102510,0,}
{,60262,102510,0,}
{,79648,102510,0,}
{,96816,102510,0,}
{,99310,102510,0,}
{,97800,102510,0,}
{,48818,102510,0,}
{,45448,102510,0,}
{,61798,102510,0,}
{,96090,102510,0,}
{,87970,102510,0,}
{,84162,102510,0,}
{,96222,102510,0,}
{,116286,102510,0,}
{,109888,102510,0,}
{,70416,102510,0,}
{,62594,102510,0,}
{,117662,102510,0,}
{,59892,102510,0,}
{,82952,102510,0,}
{,69720,102510,0,}
{,101974,56178,0,}
{,115190,56178,0,}
{,103378,56178,0,}
{,44786,56178,0,}
{,112308,56178,0,}
{,55256,56178,0,}
{,85972,56178,0,}
{,113230,56178,0,}
{,51640,56178,0,}
{,55872,56178,0,}
{,93878,56178,0,}
{,114916,56178,0,}
{,65796,56178,0,}
{,88692,56178,0,}
{,86950,56178,0,}
{,67800,56178,0,}
{,102708,56178,0,}
{,49670,56178,0,}
{,82376,56178,0,}
{,89220,56178,0,}
{,47646,56178,0,}
{,45800,56178,0,}
{,61526,59606,0,}
{,61526,113410,0,}
{,61526,42696,0,}
{,61526,72572,0,}
{,69720,59606,0,}
{,69720,113410,0,}
{,69720,42696,0,}
{,69720,72572,0,}
{,51122,59606,0,}
{,51122,113410,0,}
{,51122,42696,0,}
{,51122,72572,0,}
{,105710,59606,0,}
{,105710,113410,0,}
{,105710,42696,0,}
{,105710,72572,0,}
